scenario,environment,environment_index,strategy,description,probability_of_detection,probability_of_false_alarm,sensitivity,average_intercept_rate,average_reward,average_cost,average_continuous_reward,percentage_of_correct_predictions,average_intercept_time_error,average_intercept_time_error_us,average_time_to_intercept,average_time_to_intercept_censored,average_time_to_intercept_us,scan_efficiency,coverage,active_band_coverage,average_dwell_time,total_reward,n_timesteps,n_bands,emission_opportunities,observed_active_cells,intercepts,observed_idle_cells,false_alarms,visits,settling_timesteps,predictions,correct_predictions,bands_ever_active,bands_intercepted,n_intercept_time_predictions
spatial_scan,config_189:spatial_scan,0,sequential,Open-loop sequential sweep (baseline),0.029225908372827805,0.0073389508018483285,0.9221183800623053,0.074,-0.0379,-0.060576250000000005,0.060576250000000005,,138.9581589958159,277916.3179916318,101.14285714285714,101.14285714285714,202285.7142857143,0.074,1.0,1.0,2.0,-151.60000000000002,4000.0,32.0,10128.0,321.0,296.0,3679.0,27.0,4000.0,0.0,0.0,0.0,7.0,7.0,239.0
spatial_scan,config_189:spatial_scan,0,random,Uniform random band selection,0.025967614533965244,0.008609093354856066,0.9293286219081273,0.06575,-0.0505625,-0.0517325,0.0517325,,255.51363636363635,511027.2727272727,26.142857142857142,26.142857142857142,52285.71428571428,0.06575,1.0,1.0,2.0,-202.25,4000.0,32.0,10128.0,283.0,263.0,3717.0,32.0,4000.0,0.0,0.0,0.0,7.0,7.0,220.0
spatial_scan,config_189:spatial_scan,0,smart_heuristic,Smart Scan without the learned model (occupancy heuristic + Thompson),0.05519352290679305,0.008789920890711983,0.9522998296422487,0.13975,0.03629999999999999,-0.12595075,0.12595075,93.60000000000001,87.6094890510949,175218.97810218978,103.71428571428571,103.71428571428571,207428.57142857142,0.13975,1.0,1.0,2.0,145.19999999999996,4000.0,32.0,10128.0,587.0,559.0,3413.0,30.0,4000.0,0.0,2000.0,1872.0,7.0,7.0,411.0
spatial_scan,config_189:spatial_scan,0,smart_ml_only,Smart Scan with XGBoost but no online Thompson Sampling,0.056477093206951025,0.007941176470588234,0.9533333333333334,0.143,0.0399125,-0.12957125000000003,0.12957125000000003,88.25,137.8375,275675.0,90.71428571428571,90.71428571428571,181428.57142857142,0.143,1.0,1.0,2.0,159.64999999999998,4000.0,32.0,10128.0,600.0,572.0,3400.0,27.0,4000.0,0.0,2000.0,1765.0,7.0,7.0,440.0
spatial_scan,config_189:spatial_scan,0,smart,"Smart Scan as shipped: XGBoost, Thompson Sampling per config.yaml",0.056477093206951025,0.007941176470588234,0.9533333333333334,0.143,0.0399125,-0.12957125000000003,0.12957125000000003,88.25,137.8375,275675.0,90.71428571428571,90.71428571428571,181428.57142857142,0.143,1.0,1.0,2.0,159.64999999999998,4000.0,32.0,10128.0,600.0,572.0,3400.0,27.0,4000.0,0.0,2000.0,1765.0,7.0,7.0,440.0
spatial_scan,config_158:spatial_scan,1,sequential,Open-loop sequential sweep (baseline),0.026119402985074626,0.012276214833759591,0.9333333333333333,0.021,-0.09916250000000001,-0.004946999999999997,0.004946999999999997,,41.093333333333334,82186.66666666667,1660.75,1660.75,3321500.0,0.021,1.0,1.0,2.0,-396.65000000000003,4000.0,32.0,3216.0,90.0,84.0,3910.0,48.0,4000.0,0.0,0.0,0.0,4.0,4.0,75.0
spatial_scan,config_158:spatial_scan,1,random,Uniform random band selection,0.027052238805970148,0.012784454103809767,0.9775280898876404,0.02175,-0.1015625,-0.005479499999999998,0.005479499999999998,,235.484,470968.0,522.25,522.25,1044500.0,0.02175,1.0,1.0,2.0,-406.25,4000.0,32.0,3216.0,89.0,87.0,3911.0,50.0,4000.0,0.0,0.0,0.0,4.0,4.0,125.0
spatial_scan,config_158:spatial_scan,1,smart_heuristic,Smart Scan without the learned model (occupancy heuristic + Thompson),0.04664179104477612,0.012763740557436832,0.9316770186335404,0.0375,-0.0804875,-0.0213545,0.0213545,94.0,190.44772727272726,380895.45454545453,324.75,324.75,649500.0,0.0375,1.0,1.0,2.0,-321.95,4000.0,32.0,3216.0,161.0,150.0,3839.0,49.0,4000.0,0.0,2000.0,1880.0,4.0,4.0,220.0
spatial_scan,config_158:spatial_scan,1,smart_ml_only,Smart Scan with XGBoost but no online Thompson Sampling,0.05254975124378109,0.012823868097356713,0.9441340782122905,0.04225,-0.0751,-0.02610024999999999,0.02610024999999999,96.7,146.334008097166,292668.016194332,407.75,407.75,815500.0,0.04225,1.0,1.0,2.0,-300.4,4000.0,32.0,3216.0,179.0,169.0,3821.0,49.0,4000.0,0.0,2000.0,1934.0,4.0,4.0,247.0
spatial_scan,config_158:spatial_scan,1,smart,"Smart Scan as shipped: XGBoost, Thompson Sampling per config.yaml",0.05254975124378109,0.012823868097356713,0.9441340782122905,0.04225,-0.0751,-0.02610024999999999,0.02610024999999999,96.7,146.334008097166,292668.016194332,407.75,407.75,815500.0,0.04225,1.0,1.0,2.0,-300.4,4000.0,32.0,3216.0,179.0,169.0,3821.0,49.0,4000.0,0.0,2000.0,1934.0,4.0,4.0,247.0
spatial_scan,config_221:spatial_scan,2,sequential,Open-loop sequential sweep (baseline),0.029596453966201867,0.009541984732824428,0.946824224519941,0.1677571316409317,0.06965454069615283,-0.15372755823082962,0.15372755823082962,,65.55228758169935,131104.5751633987,93.9,93.9,187800.0,0.1677571316409317,1.0,1.0,1.999476713762428,266.15,3821.0,32.0,21658.0,677.0,641.0,3144.0,30.0,3821.0,0.0,0.0,0.0,10.0,10.0,459.0
spatial_scan,config_221:spatial_scan,2,random,Uniform random band selection,0.02899621387016345,0.010416666666666666,0.9617151607963247,0.1643548809212248,0.06250981418476838,-0.14985265637267733,0.14985265637267733,,100.90825688073394,201816.51376146788,181.3,181.3,362600.0,0.1643548809212248,1.0,1.0,1.999476713762428,238.85,3821.0,32.0,21658.0,653.0,628.0,3168.0,33.0,3821.0,0.0,0.0,0.0,10.0,10.0,436.0
spatial_scan,config_221:spatial_scan,2,smart_heuristic,Smart Scan without the learned model (occupancy heuristic + Thompson),0.05480653799981531,0.010575793184488837,0.9361198738170347,0.31065166186862075,0.2309212248102591,-0.2970188432347554,0.2970188432347554,90.37153322867609,46.10378510378511,92207.57020757021,161.2,161.2,322400.0,0.31065166186862075,1.0,1.0,1.999476713762428,882.35,3821.0,32.0,21658.0,1268.0,1187.0,2553.0,27.0,3821.0,0.0,1911.0,1727.0,10.0,10.0,819.0
spatial_scan,config_221:spatial_scan,2,smart_ml_only,Smart Scan with XGBoost but no online Thompson Sampling,0.05785391079508727,0.008,0.9485238455715367,0.3279246270609788,0.2501962836953677,-0.31524836430253866,0.31524836430253866,92.25536368393512,55.76613816534541,111532.27633069082,144.0,144.0,288000.0,0.3279246270609788,1.0,1.0,1.999476713762428,956.0,3821.0,32.0,21658.0,1321.0,1253.0,2500.0,20.0,3821.0,0.0,1911.0,1763.0,10.0,10.0,883.0
spatial_scan,config_221:spatial_scan,2,smart,"Smart Scan as shipped: XGBoost, Thompson Sampling per config.yaml",0.05785391079508727,0.008,0.9485238455715367,0.3279246270609788,0.2501962836953677,-0.31524836430253866,0.31524836430253866,92.25536368393512,55.76613816534541,111532.27633069082,144.0,144.0,288000.0,0.3279246270609788,1.0,1.0,1.999476713762428,956.0,3821.0,32.0,21658.0,1321.0,1253.0,2500.0,20.0,3821.0,0.0,1911.0,1763.0,10.0,10.0,883.0
spatial_scan,config_45:spatial_scan,3,sequential,Open-loop sequential sweep (baseline),0.029469548133595286,0.009828629032258064,0.9375,0.0075,-0.11546250000000001,0.007381500000000002,-0.007381500000000002,,84.12037037037037,168240.74074074073,16.5,16.5,33000.0,0.0075,1.0,1.0,2.0,-461.85,4000.0,32.0,1018.0,32.0,30.0,3968.0,39.0,4000.0,0.0,0.0,0.0,2.0,2.0,54.0
spatial_scan,config_45:spatial_scan,3,random,Uniform random band selection,0.03241650294695481,0.01008827238335435,0.9428571428571428,0.00825,-0.11841249999999999,0.006779750000000002,-0.006779750000000002,,199.625,399250.0,80.0,80.0,160000.0,0.00825,1.0,1.0,2.0,-473.65,4000.0,32.0,1018.0,35.0,33.0,3965.0,40.0,4000.0,0.0,0.0,0.0,2.0,2.0,56.0
spatial_scan,config_45:spatial_scan,3,smart_heuristic,Smart Scan without the learned model (occupancy heuristic + Thompson),0.04223968565815324,0.010108668182966895,1.0,0.01075,-0.1118125,0.004287500000000001,-0.004287500000000001,96.5,143.73333333333332,287466.6666666666,267.5,267.5,535000.0,0.01075,1.0,1.0,2.0,-447.25,4000.0,32.0,1018.0,43.0,43.0,3957.0,40.0,4000.0,0.0,2000.0,1930.0,2.0,2.0,75.0
spatial_scan,config_45:spatial_scan,3,smart_ml_only,Smart Scan with XGBoost but no online Thompson Sampling,0.05697445972495088,0.009898477157360405,0.9666666666666667,0.0145,-0.1075625,0.00038150000000000174,-0.00038150000000000174,92.55,97.27884615384616,194557.6923076923,13.5,13.5,27000.0,0.0145,1.0,1.0,2.0,-430.25,4000.0,32.0,1018.0,60.0,58.0,3940.0,39.0,4000.0,0.0,2000.0,1851.0,2.0,2.0,104.0
spatial_scan,config_45:spatial_scan,3,smart,"Smart Scan as shipped: XGBoost, Thompson Sampling per config.yaml",0.05697445972495088,0.009898477157360405,0.9666666666666667,0.0145,-0.1075625,0.00038150000000000174,-0.00038150000000000174,92.55,97.27884615384616,194557.6923076923,13.5,13.5,27000.0,0.0145,1.0,1.0,2.0,-430.25,4000.0,32.0,1018.0,60.0,58.0,3940.0,39.0,4000.0,0.0,2000.0,1851.0,2.0,2.0,104.0
spatial_scan,config_136:spatial_scan,4,sequential,Open-loop sequential sweep (baseline),0.029500964984835953,0.011067193675889328,0.9570661896243292,0.17319520880543865,0.07607640012949174,-0.1585280025898349,0.1585280025898349,,43.20666666666666,86413.33333333333,85.22222222222223,85.22222222222223,170444.44444444447,0.17319520880543865,1.0,1.0,1.9993527508090614,235.0,3089.0,32.0,18135.0,559.0,535.0,2530.0,28.0,3089.0,0.0,0.0,0.0,9.0,9.0,300.0
spatial_scan,config_136:spatial_scan,4,random,Uniform random band selection,0.02795698924731183,0.010958904109589041,0.949438202247191,0.1641307866623503,0.06265781806409841,-0.14945937196503725,0.14945937196503725,,71.63486842105263,143269.73684210525,70.11111111111111,70.11111111111111,140222.22222222222,0.1641307866623503,1.0,1.0,1.9993527508090614,193.54999999999998,3089.0,32.0,18135.0,534.0,507.0,2555.0,28.0,3089.0,0.0,0.0,0.0,9.0,9.0,304.0
spatial_scan,config_136:spatial_scan,4,smart_heuristic,Smart Scan without the learned model (occupancy heuristic + Thompson),0.055472842569616765,0.011280039234919078,0.9580952380952381,0.3256717384266753,0.24800906442214307,-0.31183198446099064,0.31183198446099064,93.46278317152104,30.91166380789022,61823.32761578044,89.44444444444444,89.44444444444444,178888.88888888888,0.3256717384266753,1.0,1.0,1.9993527508090614,766.0999999999999,3089.0,32.0,18135.0,1050.0,1006.0,2039.0,23.0,3089.0,0.0,1545.0,1444.0,9.0,9.0,583.0
spatial_scan,config_136:spatial_scan,4,smart_ml_only,Smart Scan with XGBoost but no online Thompson Sampling,0.05922249793217535,0.011253196930946292,0.9470899470899471,0.3476853350598899,0.27288766591129815,-0.33404726448688904,0.33404726448688904,94.5631067961165,23.7782131661442,47556.4263322884,68.55555555555556,68.55555555555556,137111.11111111112,0.3476853350598899,1.0,1.0,1.9993527508090614,842.95,3089.0,32.0,18135.0,1134.0,1074.0,1955.0,22.0,3089.0,0.0,1545.0,1461.0,9.0,9.0,638.0
spatial_scan,config_136:spatial_scan,4,smart,"Smart Scan as shipped: XGBoost, Thompson Sampling per config.yaml",0.05922249793217535,0.011253196930946292,0.9470899470899471,0.3476853350598899,0.27288766591129815,-0.33404726448688904,0.33404726448688904,94.5631067961165,23.7782131661442,47556.4263322884,68.55555555555556,68.55555555555556,137111.11111111112,0.3476853350598899,1.0,1.0,1.9993527508090614,842.95,3089.0,32.0,18135.0,1134.0,1074.0,1955.0,22.0,3089.0,0.0,1545.0,1461.0,9.0,9.0,638.0
spatial_scan,config_5:spatial_scan,5,sequential,Open-loop sequential sweep (baseline),0.03057703747769185,0.010083549409392106,0.9716446124763705,0.1285,0.023174999999999998,-0.11408075,0.11408075,,32.01764705882353,64035.294117647056,392.0,392.0,784000.0,0.1285,1.0,1.0,2.0,92.69999999999999,4000.0,32.0,16810.0,529.0,514.0,3471.0,35.0,4000.0,0.0,0.0,0.0,7.0,7.0,255.0
spatial_scan,config_5:spatial_scan,5,random,Uniform random band selection,0.027305175490779297,0.009088327179778472,0.9582463465553236,0.11475,0.0043249999999999955,-0.10066225,0.10066225,,60.585903083700444,121171.8061674009,170.66666666666666,433.2857142857143,341333.3333333333,0.11475,1.0,0.8571428571428571,2.0,17.299999999999983,4000.0,32.0,16810.0,479.0,459.0,3521.0,32.0,4000.0,0.0,0.0,0.0,7.0,6.0,227.0
spatial_scan,config_5:spatial_scan,5,smart_heuristic,Smart Scan without the learned model (occupancy heuristic + Thompson),0.05698988697204045,0.010684474123539232,0.9532338308457712,0.2395,0.147725,-0.22546450000000004,0.22546450000000004,97.8,15.283838383838384,30567.67676767677,51.166666666666664,330.85714285714283,102333.33333333333,0.2395,1.0,0.8571428571428571,2.0,590.9,4000.0,32.0,16810.0,1005.0,958.0,2995.0,32.0,4000.0,0.0,2000.0,1956.0,7.0,6.0,495.0
spatial_scan,config_5:spatial_scan,5,smart_ml_only,Smart Scan with XGBoost but no online Thompson Sampling,0.06032123735871505,0.011541072640868975,0.9620493358633776,0.2535,0.16346249999999998,-0.23922425000000003,0.23922425000000003,96.45,14.297687861271676,28595.37572254335,43.166666666666664,324.0,86333.33333333333,0.2535,0.9375,0.8571428571428571,2.0,653.8499999999999,4000.0,32.0,16810.0,1054.0,1014.0,2946.0,34.0,4000.0,0.0,2000.0,1929.0,7.0,6.0,519.0
spatial_scan,config_5:spatial_scan,5,smart,"Smart Scan as shipped: XGBoost, Thompson Sampling per config.yaml",0.06032123735871505,0.011541072640868975,0.9620493358633776,0.2535,0.16346249999999998,-0.23922425000000003,0.23922425000000003,96.45,14.297687861271676,28595.37572254335,43.166666666666664,324.0,86333.33333333333,0.2535,0.9375,0.8571428571428571,2.0,653.8499999999999,4000.0,32.0,16810.0,1054.0,1014.0,2946.0,34.0,4000.0,0.0,2000.0,1929.0,7.0,6.0,519.0
spatial_scan,config_31:spatial_scan,6,sequential,Open-loop sequential sweep (baseline),0.030340616353401392,0.008178844056706653,0.9578313253012049,0.0795,-0.033087500000000006,-0.06572225,0.06572225,,13.758139534883721,27516.279069767443,39.5,39.5,79000.0,0.0795,1.0,1.0,2.0,-132.35000000000002,4000.0,32.0,10481.0,332.0,318.0,3668.0,30.0,4000.0,0.0,0.0,0.0,4.0,4.0,215.0
spatial_scan,config_31:spatial_scan,6,random,Uniform random band selection,0.03110390229939891,0.008745558895873189,0.9560117302052786,0.0815,-0.033975,-0.06746125,0.06746125,,62.74429223744292,125488.58447488584,59.25,59.25,118500.0,0.0815,1.0,1.0,2.0,-135.9,4000.0,32.0,10481.0,341.0,326.0,3659.0,32.0,4000.0,0.0,0.0,0.0,4.0,4.0,219.0
spatial_scan,config_31:spatial_scan,6,smart_heuristic,Smart Scan without the learned model (occupancy heuristic + Thompson),0.05657857074706612,0.00827178729689808,0.9642276422764228,0.14825,0.044599999999999994,-0.13470500000000002,0.13470500000000002,94.15,11.373115577889447,22746.231155778893,80.75,80.75,161500.0,0.14825,1.0,1.0,2.0,178.39999999999998,4000.0,32.0,10481.0,615.0,593.0,3385.0,28.0,4000.0,0.0,2000.0,1883.0,4.0,4.0,398.0
spatial_scan,config_31:spatial_scan,6,smart_ml_only,Smart Scan with XGBoost but no online Thompson Sampling,0.06459307318004007,0.008500303582270795,0.9589235127478754,0.16925,0.06833750000000001,-0.15573925000000002,0.15573925000000002,98.95,9.138344226579521,18276.688453159044,15.5,15.5,31000.0,0.16925,1.0,1.0,2.0,273.35,4000.0,32.0,10481.0,706.0,677.0,3294.0,28.0,4000.0,0.0,2000.0,1979.0,4.0,4.0,459.0
spatial_scan,config_31:spatial_scan,6,smart,"Smart Scan as shipped: XGBoost, Thompson Sampling per config.yaml",0.06459307318004007,0.008500303582270795,0.9589235127478754,0.16925,0.06833750000000001,-0.15573925000000002,0.15573925000000002,98.95,9.138344226579521,18276.688453159044,15.5,15.5,31000.0,0.16925,1.0,1.0,2.0,273.35,4000.0,32.0,10481.0,706.0,677.0,3294.0,28.0,4000.0,0.0,2000.0,1979.0,4.0,4.0,459.0
spatial_scan,config_161:spatial_scan,7,sequential,Open-loop sequential sweep (baseline),0.030694668820678513,0.007788944723618091,0.95,0.00475,-0.1185625,0.009140750000000001,-0.009140750000000001,,296.66101694915255,593322.0338983051,132.0,132.0,264000.0,0.00475,1.0,1.0,2.0,-474.25,4000.0,32.0,619.0,20.0,19.0,3980.0,31.0,4000.0,0.0,0.0,0.0,2.0,2.0,59.0
spatial_scan,config_161:spatial_scan,7,random,Uniform random band selection,0.03231017770597738,0.008040201005025126,1.0,0.005,-0.12153749999999999,0.009015750000000001,-0.009015750000000001,,158.63432835820896,317268.6567164179,146.0,146.0,292000.0,0.005,1.0,1.0,2.0,-486.15,4000.0,32.0,619.0,20.0,20.0,3980.0,32.0,4000.0,0.0,0.0,0.0,2.0,2.0,67.0
spatial_scan,config_161:spatial_scan,7,smart_heuristic,Smart Scan without the learned model (occupancy heuristic + Thompson),0.029079159935379646,0.008038181361466968,0.9473684210526315,0.0045,-0.118875,0.009518750000000001,-0.009518750000000001,96.45,543.5094339622641,1087018.8679245282,196.5,196.5,393000.0,0.0045,1.0,1.0,2.0,-475.5,4000.0,32.0,619.0,19.0,18.0,3981.0,32.0,4000.0,0.0,2000.0,1929.0,2.0,2.0,106.0
spatial_scan,config_161:spatial_scan,7,smart_ml_only,Smart Scan with XGBoost but no online Thompson Sampling,0.04361873990306947,0.007804632426988922,0.9642857142857143,0.00675,-0.11630000000000001,0.007127500000000002,-0.007127500000000002,97.5,228.36363636363637,456727.27272727276,49.5,49.5,99000.0,0.00675,1.0,1.0,2.0,-465.20000000000005,4000.0,32.0,619.0,28.0,27.0,3972.0,31.0,4000.0,0.0,2000.0,1950.0,2.0,2.0,110.0
spatial_scan,config_161:spatial_scan,7,smart,"Smart Scan as shipped: XGBoost, Thompson Sampling per config.yaml",0.04361873990306947,0.007804632426988922,0.9642857142857143,0.00675,-0.11630000000000001,0.007127500000000002,-0.007127500000000002,97.5,228.36363636363637,456727.27272727276,49.5,49.5,99000.0,0.00675,1.0,1.0,2.0,-465.20000000000005,4000.0,32.0,619.0,28.0,27.0,3972.0,31.0,4000.0,0.0,2000.0,1950.0,2.0,2.0,110.0
spatial_scan,config_227:spatial_scan,8,sequential,Open-loop sequential sweep (baseline),0.02972386703406226,0.009621552277100705,0.9476635514018692,0.1387900355871886,0.036449493566931286,-0.12462523952915412,0.12462523952915412,,50.45104895104895,100902.09790209791,27.666666666666668,27.666666666666668,55333.333333333336,0.1387900355871886,1.0,1.0,1.9994526546250684,133.14999999999998,3653.0,32.0,17057.0,535.0,507.0,3118.0,30.0,3653.0,0.0,0.0,0.0,9.0,9.0,286.0
spatial_scan,config_227:spatial_scan,8,random,Uniform random band selection,0.0298997479040863,0.009633911368015413,0.9461966604823747,0.139611278401314,0.03425951272926361,-0.12541637010676157,0.12541637010676157,,86.0140350877193,172028.0701754386,42.22222222222222,42.22222222222222,84444.44444444444,0.139611278401314,1.0,1.0,1.9994526546250684,125.14999999999995,3653.0,32.0,17057.0,539.0,510.0,3114.0,30.0,3653.0,0.0,0.0,0.0,9.0,9.0,285.0
spatial_scan,config_227:spatial_scan,8,smart_heuristic,Smart Scan without the learned model (occupancy heuristic + Thompson),0.05639913232104121,0.007601672367920942,0.9412915851272016,0.26334519572953735,0.1769093895428415,-0.2505403777716946,0.2505403777716946,94.25287356321839,21.119565217391305,42239.13043478261,45.666666666666664,45.666666666666664,91333.33333333333,0.26334519572953735,1.0,1.0,1.9994526546250684,646.25,3653.0,32.0,17057.0,1022.0,962.0,2631.0,20.0,3653.0,0.0,1827.0,1722.0,9.0,9.0,552.0
spatial_scan,config_227:spatial_scan,8,smart_ml_only,Smart Scan with XGBoost but no online Thompson Sampling,0.059740868851497916,0.007766990291262136,0.9452690166975881,0.27894880919791953,0.19447029838488913,-0.26617081850533814,0.26617081850533814,93.86973180076629,20.972591362126245,41945.18272425249,57.22222222222222,57.22222222222222,114444.44444444444,0.27894880919791953,1.0,1.0,1.9994526546250684,710.4,3653.0,32.0,17057.0,1078.0,1019.0,2575.0,20.0,3653.0,0.0,1827.0,1715.0,9.0,9.0,602.0
spatial_scan,config_227:spatial_scan,8,smart,"Smart Scan as shipped: XGBoost, Thompson Sampling per config.yaml",0.059740868851497916,0.007766990291262136,0.9452690166975881,0.27894880919791953,0.19447029838488913,-0.26617081850533814,0.26617081850533814,93.86973180076629,20.972591362126245,41945.18272425249,57.22222222222222,57.22222222222222,114444.44444444444,0.27894880919791953,1.0,1.0,1.9994526546250684,710.4,3653.0,32.0,17057.0,1078.0,1019.0,2575.0,20.0,3653.0,0.0,1827.0,1715.0,9.0,9.0,602.0
spatial_scan,config_168:spatial_scan,9,sequential,Open-loop sequential sweep (baseline),0.02974674059643339,0.006979341150195421,0.9497607655502392,0.09925,-0.0095625,-0.086083,0.086083,,67.2808764940239,134561.7529880478,121.71428571428571,121.71428571428571,243428.57142857142,0.09925,1.0,1.0,2.0,-38.25,4000.0,32.0,13346.0,418.0,397.0,3582.0,25.0,4000.0,0.0,0.0,0.0,7.0,7.0,251.0
spatial_scan,config_168:spatial_scan,9,random,Uniform random band selection,0.03341825265997302,0.008210645526613816,0.9529914529914529,0.1115,0.0009124999999999943,-0.097775,0.097775,,90.50922509225093,181018.45018450185,97.42857142857143,97.42857142857143,194857.14285714287,0.1115,1.0,1.0,2.0,3.6499999999999773,4000.0,32.0,13346.0,468.0,446.0,3532.0,29.0,4000.0,0.0,0.0,0.0,7.0,7.0,271.0
spatial_scan,config_168:spatial_scan,9,smart_heuristic,Smart Scan without the learned model (occupancy heuristic + Thompson),0.05327438933013637,0.008,0.948,0.17775,0.07892499999999998,-0.16443675000000005,0.16443675000000005,94.6,40.236486486486484,80472.97297297297,187.71428571428572,187.71428571428572,375428.5714285714,0.17775,1.0,1.0,2.0,315.69999999999993,4000.0,32.0,13346.0,750.0,711.0,3250.0,26.0,4000.0,0.0,2000.0,1892.0,7.0,7.0,444.0
spatial_scan,config_168:spatial_scan,9,smart_ml_only,Smart Scan with XGBoost but no online Thompson Sampling,0.05934362355762026,0.008846761453396525,0.948502994011976,0.198,0.1017875,-0.18445875000000003,0.18445875000000003,97.05,30.985971943887776,61971.94388777555,86.85714285714286,86.85714285714286,173714.2857142857,0.198,1.0,1.0,2.0,407.15000000000003,4000.0,32.0,13346.0,835.0,792.0,3165.0,28.0,4000.0,0.0,2000.0,1941.0,7.0,7.0,499.0
spatial_scan,config_168:spatial_scan,9,smart,"Smart Scan as shipped: XGBoost, Thompson Sampling per config.yaml",0.05934362355762026,0.008846761453396525,0.948502994011976,0.198,0.1017875,-0.18445875000000003,0.18445875000000003,97.05,30.985971943887776,61971.94388777555,86.85714285714286,86.85714285714286,173714.2857142857,0.198,1.0,1.0,2.0,407.15000000000003,4000.0,32.0,13346.0,835.0,792.0,3165.0,28.0,4000.0,0.0,2000.0,1941.0,7.0,7.0,499.0
spatial_scan,config_90:spatial_scan,10,sequential,Open-loop sequential sweep (baseline),0.028817789879736783,0.008879023307436182,0.9621212121212122,0.09525,-0.0132,-0.08119200000000001,0.08119200000000001,,43.22727272727273,86454.54545454546,114.125,114.125,228250.0,0.09525,1.0,1.0,2.0,-52.8,4000.0,32.0,13221.0,396.0,381.0,3604.0,32.0,4000.0,0.0,0.0,0.0,8.0,8.0,297.0
spatial_scan,config_90:spatial_scan,10,random,Uniform random band selection,0.03101126994932305,0.008681041725007001,0.9557109557109557,0.1025,-0.00845,-0.08855475000000002,0.08855475000000002,,70.33980582524272,140679.61165048543,66.375,66.375,132750.0,0.1025,1.0,1.0,2.0,-33.8,4000.0,32.0,13221.0,429.0,410.0,3571.0,31.0,4000.0,0.0,0.0,0.0,8.0,8.0,309.0
spatial_scan,config_90:spatial_scan,10,smart_heuristic,Smart Scan without the learned model (occupancy heuristic + Thompson),0.05536646244610846,0.008356545961002786,0.951885565669701,0.183,0.08602499999999999,-0.16954875000000005,0.16954875000000005,89.25,21.154440154440156,42308.88030888031,153.75,153.75,307500.0,0.183,1.0,1.0,2.0,344.09999999999997,4000.0,32.0,13221.0,769.0,732.0,3231.0,27.0,4000.0,0.0,2000.0,1785.0,8.0,8.0,518.0
spatial_scan,config_90:spatial_scan,10,smart_ml_only,Smart Scan with XGBoost but no online Thompson Sampling,0.060812343998184706,0.008565989847715736,0.9481132075471698,0.201,0.1064625,-0.18758875000000003,0.18758875000000003,96.05,19.33115823817292,38662.31647634584,82.125,82.125,164250.0,0.201,1.0,1.0,2.0,425.85,4000.0,32.0,13221.0,848.0,804.0,3152.0,27.0,4000.0,0.0,2000.0,1921.0,8.0,8.0,613.0
spatial_scan,config_90:spatial_scan,10,smart,"Smart Scan as shipped: XGBoost, Thompson Sampling per config.yaml",0.060812343998184706,0.008565989847715736,0.9481132075471698,0.201,0.1064625,-0.18758875000000003,0.18758875000000003,96.05,19.33115823817292,38662.31647634584,82.125,82.125,164250.0,0.201,1.0,1.0,2.0,425.85,4000.0,32.0,13221.0,848.0,804.0,3152.0,27.0,4000.0,0.0,2000.0,1921.0,8.0,8.0,613.0
spatial_scan,config_132:spatial_scan,11,sequential,Open-loop sequential sweep (baseline),0.029314342497515734,0.008822718500137855,0.9490616621983914,0.0885,-0.021225,-0.07444200000000001,0.07444200000000001,,31.832727272727272,63665.454545454544,191.28571428571428,191.28571428571428,382571.4285714286,0.0885,1.0,1.0,2.0,-84.9,4000.0,32.0,12076.0,373.0,354.0,3627.0,32.0,4000.0,0.0,0.0,0.0,7.0,7.0,275.0
spatial_scan,config_132:spatial_scan,11,random,Uniform random band selection,0.03055647565419013,0.008861811132650235,0.9485861182519281,0.09225,-0.0204,-0.07820400000000001,0.07820400000000001,,69.99256505576209,139985.13011152417,179.42857142857142,179.42857142857142,358857.14285714284,0.09225,1.0,1.0,2.0,-81.60000000000001,4000.0,32.0,12076.0,389.0,369.0,3611.0,32.0,4000.0,0.0,0.0,0.0,7.0,7.0,269.0
spatial_scan,config_132:spatial_scan,11,smart_heuristic,Smart Scan without the learned model (occupancy heuristic + Thompson),0.052997681351440874,0.007514277126540427,0.950965824665676,0.16,0.05959999999999999,-0.146818,0.146818,90.2,25.490118577075098,50980.23715415019,137.42857142857142,137.42857142857142,274857.14285714284,0.16,1.0,1.0,2.0,238.39999999999998,4000.0,32.0,12076.0,673.0,640.0,3327.0,25.0,4000.0,0.0,2000.0,1804.0,7.0,7.0,506.0
spatial_scan,config_132:spatial_scan,11,smart_ml_only,Smart Scan with XGBoost but no online Thompson Sampling,0.06119576018549189,0.009017412935323384,0.9426020408163265,0.18475,0.0876875,-0.17109025000000003,0.17109025000000003,97.39999999999999,18.26186440677966,36523.728813559326,238.85714285714286,238.85714285714286,477714.28571428574,0.18475,1.0,1.0,2.0,350.75,4000.0,32.0,12076.0,784.0,739.0,3216.0,29.0,4000.0,0.0,2000.0,1948.0,7.0,7.0,590.0
spatial_scan,config_132:spatial_scan,11,smart,"Smart Scan as shipped: XGBoost, Thompson Sampling per config.yaml",0.06119576018549189,0.009017412935323384,0.9426020408163265,0.18475,0.0876875,-0.17109025000000003,0.17109025000000003,97.39999999999999,18.26186440677966,36523.728813559326,238.85714285714286,238.85714285714286,477714.28571428574,0.18475,1.0,1.0,2.0,350.75,4000.0,32.0,12076.0,784.0,739.0,3216.0,29.0,4000.0,0.0,2000.0,1948.0,7.0,7.0,590.0
spatial_scan,config_115:spatial_scan,12,sequential,Open-loop sequential sweep (baseline),0.029204639602319803,0.011078087003512564,0.9431438127090301,0.0705,-0.040525000000000005,-0.055320499999999995,0.055320499999999995,,56.30681818181818,112613.63636363635,227.88888888888889,227.88888888888889,455777.77777777775,0.0705,1.0,1.0,2.0,-162.10000000000002,4000.0,32.0,9656.0,299.0,282.0,3701.0,41.0,4000.0,0.0,0.0,0.0,9.0,9.0,264.0
spatial_scan,config_115:spatial_scan,12,random,Uniform random band selection,0.025787075393537695,0.01043338683788122,0.950381679389313,0.06225,-0.053899999999999997,-0.047253250000000004,0.047253250000000004,,137.1904761904762,274380.9523809524,364.125,358.44444444444446,728250.0,0.06225,1.0,0.8888888888888888,2.0,-215.6,4000.0,32.0,9656.0,262.0,249.0,3738.0,39.0,4000.0,0.0,0.0,0.0,9.0,8.0,252.0
spatial_scan,config_115:spatial_scan,12,smart_heuristic,Smart Scan without the learned model (occupancy heuristic + Thompson),0.051056338028169015,0.010632183908045977,0.948076923076923,0.12325,0.0186625,-0.10857625000000001,0.10857625000000001,89.1,61.81138392857143,123622.76785714286,375.625,368.6666666666667,751250.0,0.12325,1.0,0.8888888888888888,2.0,74.64999999999999,4000.0,32.0,9656.0,520.0,493.0,3480.0,37.0,4000.0,0.0,2000.0,1782.0,9.0,8.0,448.0
spatial_scan,config_115:spatial_scan,12,smart_ml_only,Smart Scan with XGBoost but no online Thompson Sampling,0.05530240265120132,0.01045599767644496,0.9587073608617595,0.1335,0.0301625,-0.11893350000000001,0.11893350000000001,94.35,67.08095238095238,134161.90476190476,87.5,112.55555555555556,175000.0,0.1335,1.0,0.8888888888888888,2.0,120.64999999999999,4000.0,32.0,9656.0,557.0,534.0,3443.0,36.0,4000.0,0.0,2000.0,1887.0,9.0,8.0,525.0
spatial_scan,config_115:spatial_scan,12,smart,"Smart Scan as shipped: XGBoost, Thompson Sampling per config.yaml",0.05530240265120132,0.01045599767644496,0.9587073608617595,0.1335,0.0301625,-0.11893350000000001,0.11893350000000001,94.35,67.08095238095238,134161.90476190476,87.5,112.55555555555556,175000.0,0.1335,1.0,0.8888888888888888,2.0,120.64999999999999,4000.0,32.0,9656.0,557.0,534.0,3443.0,36.0,4000.0,0.0,2000.0,1887.0,9.0,8.0,525.0
spatial_scan,config_149:spatial_scan,13,sequential,Open-loop sequential sweep (baseline),0.02948615137869348,0.010002857959416977,0.9540918163672655,0.1195,0.013499999999999993,-0.105103,0.105103,,32.51567398119122,65031.34796238244,106.57142857142857,106.57142857142857,213142.85714285713,0.1195,1.0,1.0,2.0,53.99999999999997,4000.0,32.0,16211.0,501.0,478.0,3499.0,35.0,4000.0,0.0,0.0,0.0,7.0,7.0,319.0
spatial_scan,config_149:spatial_scan,13,random,Uniform random band selection,0.03257047683671581,0.009286128845037725,0.9530685920577617,0.132,0.02452499999999999,-0.11795775,0.11795775,,70.6068376068376,141213.6752136752,120.71428571428571,120.71428571428571,241428.57142857142,0.132,1.0,1.0,2.0,98.09999999999997,4000.0,32.0,16211.0,554.0,528.0,3446.0,32.0,4000.0,0.0,0.0,0.0,7.0,7.0,351.0
spatial_scan,config_149:spatial_scan,13,smart_heuristic,Smart Scan without the learned model (occupancy heuristic + Thompson),0.05841712417494294,0.008280887711162636,0.9653414882772681,0.23675,0.145725,-0.22358100000000006,0.22358100000000006,93.8,21.681281618887017,43362.56323777403,130.28571428571428,130.28571428571428,260571.42857142855,0.23675,1.0,1.0,2.0,582.9,4000.0,32.0,16211.0,981.0,947.0,3019.0,25.0,4000.0,0.0,2000.0,1876.0,7.0,7.0,593.0
spatial_scan,config_149:spatial_scan,13,smart_ml_only,Smart Scan with XGBoost but no online Thompson Sampling,0.06131639010548393,0.01017293997965412,0.9457659372026641,0.2485,0.15925,-0.23467325000000008,0.23467325000000008,96.45,18.94377811094453,37887.556221889055,123.28571428571429,123.28571428571429,246571.42857142858,0.2485,1.0,1.0,2.0,637.0,4000.0,32.0,16211.0,1051.0,994.0,2949.0,30.0,4000.0,0.0,2000.0,1929.0,7.0,7.0,667.0
spatial_scan,config_149:spatial_scan,13,smart,"Smart Scan as shipped: XGBoost, Thompson Sampling per config.yaml",0.06131639010548393,0.01017293997965412,0.9457659372026641,0.2485,0.15925,-0.23467325000000008,0.23467325000000008,96.45,18.94377811094453,37887.556221889055,123.28571428571429,123.28571428571429,246571.42857142858,0.2485,1.0,1.0,2.0,637.0,4000.0,32.0,16211.0,1051.0,994.0,2949.0,30.0,4000.0,0.0,2000.0,1929.0,7.0,7.0,667.0
spatial_scan,config_119:spatial_scan,14,sequential,Open-loop sequential sweep (baseline),0.03016848816029144,0.011294526498696786,0.9689213893967094,0.1325,0.028862499999999992,-0.11753075000000002,0.11753075000000002,,55.314465408805034,110628.93081761007,342.0,342.0,684000.0,0.1325,1.0,1.0,2.0,115.44999999999997,4000.0,32.0,17568.0,547.0,530.0,3453.0,39.0,4000.0,0.0,0.0,0.0,9.0,9.0,318.0
spatial_scan,config_119:spatial_scan,14,random,Uniform random band selection,0.02743624772313297,0.01342473578977435,0.9659318637274549,0.1205,0.01205,-0.10455925000000002,0.10455925000000002,,105.28792569659443,210575.85139318884,268.77777777777777,268.77777777777777,537555.5555555555,0.1205,1.0,1.0,2.0,48.2,4000.0,32.0,17568.0,499.0,482.0,3501.0,47.0,4000.0,0.0,0.0,0.0,9.0,9.0,323.0
spatial_scan,config_119:spatial_scan,14,smart_heuristic,Smart Scan without the learned model (occupancy heuristic + Thompson),0.054246357012750455,0.012321012321012322,0.9558676028084253,0.23825,0.14807499999999998,-0.2235472500000001,0.2235472500000001,94.15,32.65183246073298,65303.66492146596,344.3333333333333,344.3333333333333,688666.6666666666,0.23825,1.0,1.0,2.0,592.3,4000.0,32.0,17568.0,997.0,953.0,3003.0,37.0,4000.0,0.0,2000.0,1883.0,9.0,9.0,573.0
spatial_scan,config_119:spatial_scan,14,smart_ml_only,Smart Scan with XGBoost but no online Thompson Sampling,0.05834471766848816,0.01296043656207367,0.9597378277153558,0.25625,0.16795,-0.24135150000000005,0.24135150000000005,97.7,22.399673735725937,44799.347471451874,330.75,512.4444444444445,661500.0,0.25625,1.0,0.8888888888888888,2.0,671.8,4000.0,32.0,17568.0,1068.0,1025.0,2932.0,38.0,4000.0,0.0,2000.0,1954.0,9.0,8.0,613.0
spatial_scan,config_119:spatial_scan,14,smart,"Smart Scan as shipped: XGBoost, Thompson Sampling per config.yaml",0.05834471766848816,0.01296043656207367,0.9597378277153558,0.25625,0.16795,-0.24135150000000005,0.24135150000000005,97.7,22.399673735725937,44799.347471451874,330.75,512.4444444444445,661500.0,0.25625,1.0,0.8888888888888888,2.0,671.8,4000.0,32.0,17568.0,1068.0,1025.0,2932.0,38.0,4000.0,0.0,2000.0,1954.0,9.0,8.0,613.0
spatial_scan,config_186:spatial_scan,15,sequential,Open-loop sequential sweep (baseline),0.030336662967073623,0.010828976848394324,0.9557109557109557,0.13196009011908594,0.02896684905053105,-0.11724235597038944,0.11724235597038944,,47.15611814345991,94312.23628691983,295.75,294.3333333333333,591500.0,0.13196009011908594,1.0,0.8888888888888888,1.9993564993564994,89.99999999999997,3107.0,32.0,13515.0,429.0,410.0,2678.0,29.0,3107.0,0.0,0.0,0.0,9.0,8.0,237.0
spatial_scan,config_186:spatial_scan,15,random,Uniform random band selection,0.027968923418423972,0.010332103321033211,0.9521410579345088,0.12166076601223044,0.013598326359832632,-0.10707531380753138,0.10707531380753138,,84.70283018867924,169405.6603773585,143.0,366.6666666666667,286000.0,0.12166076601223044,1.0,0.7777777777777778,1.9993564993564994,42.249999999999986,3107.0,32.0,13515.0,397.0,378.0,2710.0,28.0,3107.0,0.0,0.0,0.0,9.0,7.0,212.0
spatial_scan,config_186:spatial_scan,15,smart_heuristic,Smart Scan without the learned model (occupancy heuristic + Thompson),0.055271920088790234,0.010371650821089023,0.9419924337957125,0.2404248471194078,0.1505471515931767,-0.2264634695848085,0.2264634695848085,94.46589446589446,21.954965357967666,43909.930715935334,367.85714285714283,353.8888888888889,735714.2857142857,0.2404248471194078,1.0,0.7777777777777778,1.9993564993564994,467.75,3107.0,32.0,13515.0,793.0,747.0,2314.0,24.0,3107.0,0.0,1554.0,1468.0,9.0,7.0,433.0
spatial_scan,config_186:spatial_scan,15,smart_ml_only,Smart Scan with XGBoost but no online Thompson Sampling,0.0585275619681835,0.009267431597528684,0.9405469678953626,0.25458641776633406,0.16654328934663665,-0.24112552301255236,0.24112552301255236,96.78249678249678,19.713815789473685,39427.63157894737,185.14285714285714,211.77777777777777,370285.71428571426,0.25458641776633406,1.0,0.7777777777777778,1.9993564993564994,517.45,3107.0,32.0,13515.0,841.0,791.0,2266.0,21.0,3107.0,0.0,1554.0,1504.0,9.0,7.0,456.0
spatial_scan,config_186:spatial_scan,15,smart,"Smart Scan as shipped: XGBoost, Thompson Sampling per config.yaml",0.0585275619681835,0.009267431597528684,0.9405469678953626,0.25458641776633406,0.16654328934663665,-0.24112552301255236,0.24112552301255236,96.78249678249678,19.713815789473685,39427.63157894737,185.14285714285714,211.77777777777777,370285.71428571426,0.25458641776633406,1.0,0.7777777777777778,1.9993564993564994,517.45,3107.0,32.0,13515.0,841.0,791.0,2266.0,21.0,3107.0,0.0,1554.0,1504.0,9.0,7.0,456.0
spatial_scan,config_220:spatial_scan,16,sequential,Open-loop sequential sweep (baseline),0.029686500319897634,0.009529664924684907,0.9527720739219713,0.12406417112299466,0.019264705882352937,-0.10984598930481285,0.10984598930481285,,73.24823943661971,146496.47887323942,77.75,151.0,155500.0,0.12406417112299466,1.0,0.8888888888888888,2.0,72.04999999999998,3740.0,32.0,15630.0,487.0,464.0,3253.0,31.0,3740.0,0.0,0.0,0.0,9.0,8.0,284.0
spatial_scan,config_220:spatial_scan,16,random,Uniform random band selection,0.02603966730646193,0.010866284334440085,0.9531615925058547,0.10882352941176471,-0.0012566844919786142,-0.09390454545454548,0.09390454545454548,,66.33771929824562,132675.43859649124,203.625,262.8888888888889,407250.0,0.10882352941176471,1.0,0.8888888888888888,2.0,-4.700000000000017,3740.0,32.0,15630.0,427.0,407.0,3313.0,36.0,3740.0,0.0,0.0,0.0,9.0,8.0,228.0
spatial_scan,config_220:spatial_scan,16,smart_heuristic,Smart Scan without the learned model (occupancy heuristic + Thompson),0.05483045425463851,0.008504606661941885,0.9335511982570807,0.22914438502673798,0.13824866310160427,-0.21588181818181826,0.21588181818181826,94.6524064171123,186.7029520295203,373405.9040590406,122.88888888888889,122.88888888888889,245777.77777777778,0.22914438502673798,1.0,1.0,2.0,517.05,3740.0,32.0,15630.0,918.0,857.0,2822.0,24.0,3740.0,0.0,1870.0,1770.0,9.0,9.0,542.0
spatial_scan,config_220:spatial_scan,16,smart_ml_only,Smart Scan with XGBoost but no online Thompson Sampling,0.05847728726807422,0.011883327331652862,0.9491173416407062,0.24438502673796791,0.1552941176470588,-0.2299008021390375,0.2299008021390375,97.80748663101603,202.5844709897611,405168.9419795222,126.44444444444444,126.44444444444444,252888.88888888888,0.24438502673796791,1.0,1.0,2.0,580.8,3740.0,32.0,15630.0,963.0,914.0,2777.0,33.0,3740.0,0.0,1870.0,1829.0,9.0,9.0,586.0
spatial_scan,config_220:spatial_scan,16,smart,"Smart Scan as shipped: XGBoost, Thompson Sampling per config.yaml",0.05847728726807422,0.011883327331652862,0.9491173416407062,0.24438502673796791,0.1552941176470588,-0.2299008021390375,0.2299008021390375,97.80748663101603,202.5844709897611,405168.9419795222,126.44444444444444,126.44444444444444,252888.88888888888,0.24438502673796791,1.0,1.0,2.0,580.8,3740.0,32.0,15630.0,963.0,914.0,2777.0,33.0,3740.0,0.0,1870.0,1829.0,9.0,9.0,586.0
spatial_scan,config_170:spatial_scan,17,sequential,Open-loop sequential sweep (baseline),0.028449718545565193,0.012371676757041327,0.9303482587064676,0.04675,-0.07053749999999999,-0.030852999999999995,0.030852999999999995,,34.62264150943396,69245.28301886792,93.66666666666667,93.66666666666667,187333.33333333334,0.04675,1.0,1.0,2.0,-282.15,4000.0,32.0,6573.0,201.0,187.0,3799.0,47.0,4000.0,0.0,0.0,0.0,3.0,3.0,159.0
spatial_scan,config_170:spatial_scan,17,random,Uniform random band selection,0.027689030883919063,0.011554621848739496,0.9479166666666666,0.0455,-0.07527500000000001,-0.029936,0.029936,,88.75974025974025,177519.4805194805,184.66666666666666,184.66666666666666,369333.3333333333,0.0455,1.0,1.0,2.0,-301.1,4000.0,32.0,6573.0,192.0,182.0,3808.0,44.0,4000.0,0.0,0.0,0.0,3.0,3.0,154.0
spatial_scan,config_170:spatial_scan,17,smart_heuristic,Smart Scan without the learned model (occupancy heuristic + Thompson),0.05400882397687509,0.01131346578366446,0.9441489361702128,0.08875,-0.0232125,-0.0736075,0.0736075,93.5,30.18525179856115,60370.503597122304,85.33333333333333,85.33333333333333,170666.66666666666,0.08875,1.0,1.0,2.0,-92.85000000000001,4000.0,32.0,6573.0,376.0,355.0,3624.0,41.0,4000.0,0.0,2000.0,1870.0,3.0,3.0,278.0
spatial_scan,config_170:spatial_scan,17,smart_ml_only,Smart Scan with XGBoost but no online Thompson Sampling,0.05766012475277651,0.011705685618729096,0.9199029126213593,0.09475,-0.016362500000000006,-0.0794595,0.0794595,97.1,32.33546325878594,64670.92651757188,113.0,113.0,226000.0,0.09475,1.0,1.0,2.0,-65.45000000000002,4000.0,32.0,6573.0,412.0,379.0,3588.0,42.0,4000.0,0.0,2000.0,1942.0,3.0,3.0,313.0
spatial_scan,config_170:spatial_scan,17,smart,"Smart Scan as shipped: XGBoost, Thompson Sampling per config.yaml",0.05766012475277651,0.011705685618729096,0.9199029126213593,0.09475,-0.016362500000000006,-0.0794595,0.0794595,97.1,32.33546325878594,64670.92651757188,113.0,113.0,226000.0,0.09475,1.0,1.0,2.0,-65.45000000000002,4000.0,32.0,6573.0,412.0,379.0,3588.0,42.0,4000.0,0.0,2000.0,1942.0,3.0,3.0,313.0
spatial_scan,config_217:spatial_scan,18,sequential,Open-loop sequential sweep (baseline),0.030277266071512918,0.010216346153846154,0.9538690476190477,0.16025,0.062525,-0.14591525000000002,0.14591525000000002,,68.57520325203252,137150.40650406506,212.07692307692307,212.07692307692307,424153.8461538461,0.16025,1.0,1.0,2.0,250.09999999999997,4000.0,32.0,21171.0,672.0,641.0,3328.0,34.0,4000.0,0.0,0.0,0.0,13.0,13.0,492.0
spatial_scan,config_217:spatial_scan,18,random,Uniform random band selection,0.03462283312077842,0.01179025752404592,0.9433719433719434,0.18325,0.08532499999999998,-0.16838925000000005,0.16838925000000005,,89.47086466165413,178941.72932330827,232.46153846153845,232.46153846153845,464923.0769230769,0.18325,1.0,1.0,2.0,341.29999999999995,4000.0,32.0,21171.0,777.0,733.0,3223.0,38.0,4000.0,0.0,0.0,0.0,13.0,13.0,532.0
spatial_scan,config_217:spatial_scan,18,smart_heuristic,Smart Scan without the learned model (occupancy heuristic + Thompson),0.05280808653346559,0.012078152753108348,0.9434599156118143,0.2795,0.19725,-0.26511975000000004,0.26511975000000004,86.95,41.07046568627451,82140.93137254902,350.3076923076923,350.3076923076923,700615.3846153846,0.2795,1.0,1.0,2.0,789.0,4000.0,32.0,21171.0,1185.0,1118.0,2815.0,34.0,4000.0,0.0,2000.0,1739.0,13.0,13.0,816.0
spatial_scan,config_217:spatial_scan,18,smart_ml_only,Smart Scan with XGBoost but no online Thompson Sampling,0.05800387322280478,0.009235315847801994,0.9497293116782676,0.307,0.2282875,-0.29380525,0.29380525,91.4,36.85444444444445,73708.88888888889,281.2307692307692,281.2307692307692,562461.5384615385,0.307,1.0,1.0,2.0,913.15,4000.0,32.0,21171.0,1293.0,1228.0,2707.0,25.0,4000.0,0.0,2000.0,1828.0,13.0,13.0,900.0
spatial_scan,config_217:spatial_scan,18,smart,"Smart Scan as shipped: XGBoost, Thompson Sampling per config.yaml",0.05800387322280478,0.009235315847801994,0.9497293116782676,0.307,0.2282875,-0.29380525,0.29380525,91.4,36.85444444444445,73708.88888888889,281.2307692307692,281.2307692307692,562461.5384615385,0.307,1.0,1.0,2.0,913.15,4000.0,32.0,21171.0,1293.0,1228.0,2707.0,25.0,4000.0,0.0,2000.0,1828.0,13.0,13.0,900.0
spatial_scan,config_141:spatial_scan,19,sequential,Open-loop sequential sweep (baseline),0.030258764607679466,0.007887323943661971,0.9666666666666667,0.10875,0.0012624999999999921,-0.09521525,0.09521525,,89.42028985507247,178840.57971014493,126.71428571428571,126.71428571428571,253428.57142857142,0.10875,1.0,1.0,2.0,5.049999999999969,4000.0,32.0,14376.0,450.0,435.0,3550.0,28.0,4000.0,0.0,0.0,0.0,7.0,7.0,345.0
spatial_scan,config_141:spatial_scan,19,random,Uniform random band selection,0.032762938230383974,0.007120478496154941,0.9631901840490797,0.11775,0.008487499999999999,-0.10456350000000002,0.10456350000000002,,107.56515580736544,215130.3116147309,159.14285714285714,159.14285714285714,318285.71428571426,0.11775,1.0,1.0,2.0,33.949999999999996,4000.0,32.0,14376.0,489.0,471.0,3511.0,25.0,4000.0,0.0,0.0,0.0,7.0,7.0,353.0
spatial_scan,config_141:spatial_scan,19,smart_heuristic,Smart Scan without the learned model (occupancy heuristic + Thompson),0.05279632721202003,0.00718974679587371,0.947565543071161,0.18975,0.09257499999999999,-0.17681275000000002,0.17681275000000002,91.4,58.503649635036496,117007.299270073,186.71428571428572,186.71428571428572,373428.5714285714,0.18975,1.0,1.0,2.0,370.29999999999995,4000.0,32.0,14376.0,801.0,759.0,3199.0,23.0,4000.0,0.0,2000.0,1828.0,7.0,7.0,548.0
spatial_scan,config_141:spatial_scan,19,smart_ml_only,Smart Scan with XGBoost but no online Thompson Sampling,0.05808291597106288,0.006711409395973154,0.9586681974741676,0.20875,0.11407499999999998,-0.19609125000000005,0.19609125000000005,91.7,49.312796208530806,98625.5924170616,163.71428571428572,163.71428571428572,327428.5714285714,0.20875,1.0,1.0,2.0,456.29999999999995,4000.0,32.0,14376.0,871.0,835.0,3129.0,21.0,4000.0,0.0,2000.0,1834.0,7.0,7.0,633.0
spatial_scan,config_141:spatial_scan,19,smart,"Smart Scan as shipped: XGBoost, Thompson Sampling per config.yaml",0.05808291597106288,0.006711409395973154,0.9586681974741676,0.20875,0.11407499999999998,-0.19609125000000005,0.19609125000000005,91.7,49.312796208530806,98625.5924170616,163.71428571428572,163.71428571428572,327428.5714285714,0.20875,1.0,1.0,2.0,456.29999999999995,4000.0,32.0,14376.0,871.0,835.0,3129.0,21.0,4000.0,0.0,2000.0,1834.0,7.0,7.0,633.0
frequency_agile,config_189:frequency_agile,0,sequential,Open-loop sequential sweep (baseline),0.029076396807297605,0.008614137319483153,0.9622641509433962,0.01275,-0.1085,0.001558250000000002,-0.001558250000000002,,112.63253012048193,225265.06024096385,477.75,477.75,955500.0,0.01275,1.0,1.0,2.0,-434.0,4000.0,32.0,1754.0,53.0,51.0,3947.0,34.0,4000.0,0.0,0.0,0.0,4.0,4.0,83.0
frequency_agile,config_189:frequency_agile,0,random,Uniform random band selection,0.0330672748004561,0.008382016764033528,0.9206349206349206,0.0145,-0.10998749999999999,-0.0002927499999999981,0.0002927499999999981,,168.7979797979798,337595.9595959596,860.75,860.75,1721500.0,0.0145,1.0,1.0,2.0,-439.94999999999993,4000.0,32.0,1754.0,63.0,58.0,3937.0,33.0,4000.0,0.0,0.0,0.0,4.0,4.0,99.0
frequency_agile,config_189:frequency_agile,0,smart_heuristic,Smart Scan without the learned model (occupancy heuristic + Thompson),0.04446978335233751,0.008426966292134831,0.9285714285714286,0.0195,-0.10075,-0.005349999999999998,0.005349999999999998,93.75,123.94378698224853,247887.57396449705,311.0,311.0,622000.0,0.0195,1.0,1.0,2.0,-403.0,4000.0,32.0,1754.0,84.0,78.0,3916.0,33.0,4000.0,0.0,2000.0,1875.0,4.0,4.0,169.0
frequency_agile,config_189:frequency_agile,0,smart_ml_only,Smart Scan with XGBoost but no online Thompson Sampling,0.04161915621436716,0.008669046404895462,0.9358974358974359,0.01825,-0.10217500000000002,-0.003958999999999999,0.003958999999999999,94.8,100.22067039106145,200441.3407821229,138.75,138.75,277500.0,0.01825,1.0,1.0,2.0,-408.70000000000005,4000.0,32.0,1754.0,78.0,73.0,3922.0,34.0,4000.0,0.0,2000.0,1896.0,4.0,4.0,179.0
frequency_agile,config_189:frequency_agile,0,smart,"Smart Scan as shipped: XGBoost, Thompson Sampling per config.yaml",0.04161915621436716,0.008669046404895462,0.9358974358974359,0.01825,-0.10217500000000002,-0.003958999999999999,0.003958999999999999,94.8,100.22067039106145,200441.3407821229,138.75,138.75,277500.0,0.01825,1.0,1.0,2.0,-408.70000000000005,4000.0,32.0,1754.0,78.0,73.0,3922.0,34.0,4000.0,0.0,2000.0,1896.0,4.0,4.0,179.0
frequency_agile,config_158:frequency_agile,1,sequential,Open-loop sequential sweep (baseline),0.026119402985074626,0.012276214833759591,0.9333333333333333,0.021,-0.09916250000000001,-0.004946999999999997,0.004946999999999997,,41.093333333333334,82186.66666666667,1660.75,1660.75,3321500.0,0.021,1.0,1.0,2.0,-396.65000000000003,4000.0,32.0,3216.0,90.0,84.0,3910.0,48.0,4000.0,0.0,0.0,0.0,4.0,4.0,75.0
frequency_agile,config_158:frequency_agile,1,random,Uniform random band selection,0.027052238805970148,0.012784454103809767,0.9775280898876404,0.02175,-0.1015625,-0.005479499999999998,0.005479499999999998,,235.484,470968.0,522.25,522.25,1044500.0,0.02175,1.0,1.0,2.0,-406.25,4000.0,32.0,3216.0,89.0,87.0,3911.0,50.0,4000.0,0.0,0.0,0.0,4.0,4.0,125.0
frequency_agile,config_158:frequency_agile,1,smart_heuristic,Smart Scan without the learned model (occupancy heuristic + Thompson),0.04664179104477612,0.012763740557436832,0.9316770186335404,0.0375,-0.0804875,-0.0213545,0.0213545,94.0,190.44772727272726,380895.45454545453,324.75,324.75,649500.0,0.0375,1.0,1.0,2.0,-321.95,4000.0,32.0,3216.0,161.0,150.0,3839.0,49.0,4000.0,0.0,2000.0,1880.0,4.0,4.0,220.0
frequency_agile,config_158:frequency_agile,1,smart_ml_only,Smart Scan with XGBoost but no online Thompson Sampling,0.05254975124378109,0.012823868097356713,0.9441340782122905,0.04225,-0.0751,-0.02610024999999999,0.02610024999999999,96.7,146.334008097166,292668.016194332,407.75,407.75,815500.0,0.04225,1.0,1.0,2.0,-300.4,4000.0,32.0,3216.0,179.0,169.0,3821.0,49.0,4000.0,0.0,2000.0,1934.0,4.0,4.0,247.0
frequency_agile,config_158:frequency_agile,1,smart,"Smart Scan as shipped: XGBoost, Thompson Sampling per config.yaml",0.05254975124378109,0.012823868097356713,0.9441340782122905,0.04225,-0.0751,-0.02610024999999999,0.02610024999999999,96.7,146.334008097166,292668.016194332,407.75,407.75,815500.0,0.04225,1.0,1.0,2.0,-300.4,4000.0,32.0,3216.0,179.0,169.0,3821.0,49.0,4000.0,0.0,2000.0,1934.0,4.0,4.0,247.0
frequency_agile,config_221:frequency_agile,2,sequential,Open-loop sequential sweep (baseline),0.029247675401521556,0.009903874162540053,0.9326145552560647,0.09095688748685594,-0.015707150368033652,-0.07639668769716089,0.07639668769716089,,142.4187675070028,284837.5350140056,481.75,568.5384615384615,963500.0,0.09095688748685594,1.0,0.9230769230769231,2.0,-59.750000000000014,3804.0,32.0,11830.0,371.0,346.0,3433.0,34.0,3804.0,0.0,0.0,0.0,13.0,12.0,357.0
frequency_agile,config_221:frequency_agile,2,random,Uniform random band selection,0.03026204564666103,0.01048951048951049,0.9623655913978495,0.09411146161934805,-0.015023659305993692,-0.0792705047318612,0.0792705047318612,,116.74605263157895,233492.1052631579,382.3076923076923,382.3076923076923,764615.3846153846,0.09411146161934805,1.0,1.0,2.0,-57.150000000000006,3804.0,32.0,11830.0,372.0,358.0,3432.0,36.0,3804.0,0.0,0.0,0.0,13.0,13.0,380.0
frequency_agile,config_221:frequency_agile,2,smart_heuristic,Smart Scan without the learned model (occupancy heuristic + Thompson),0.054184277261200335,0.011192836584585865,0.946824224519941,0.1685068349106204,0.07193743427970557,-0.15381493165089383,0.15381493165089383,88.69610935856993,97.75326797385621,195506.53594771243,394.0,487.53846153846155,788000.0,0.1685068349106204,1.0,0.9230769230769231,2.0,273.65,3804.0,32.0,11830.0,677.0,641.0,3127.0,35.0,3804.0,0.0,1902.0,1687.0,13.0,12.0,612.0
frequency_agile,config_221:frequency_agile,2,smart_ml_only,Smart Scan with XGBoost but no online Thompson Sampling,0.05688926458157227,0.010999676480103526,0.9438990182328191,0.17691903259726605,0.08155888538380653,-0.16238196635120927,0.16238196635120927,90.69400630914826,69.22720897615709,138454.41795231416,179.25,289.3076923076923,358500.0,0.17691903259726605,1.0,0.9230769230769231,2.0,310.25,3804.0,32.0,11830.0,713.0,673.0,3091.0,34.0,3804.0,0.0,1902.0,1725.0,13.0,12.0,713.0
frequency_agile,config_221:frequency_agile,2,smart,"Smart Scan as shipped: XGBoost, Thompson Sampling per config.yaml",0.05688926458157227,0.010999676480103526,0.9438990182328191,0.17691903259726605,0.08155888538380653,-0.16238196635120927,0.16238196635120927,90.69400630914826,69.22720897615709,138454.41795231416,179.25,289.3076923076923,358500.0,0.17691903259726605,1.0,0.9230769230769231,2.0,310.25,3804.0,32.0,11830.0,713.0,673.0,3091.0,34.0,3804.0,0.0,1902.0,1725.0,13.0,12.0,713.0
frequency_agile,config_45:frequency_agile,3,sequential,Open-loop sequential sweep (baseline),0.028162717925793473,0.01008533747090768,0.9473684210526315,0.0315,-0.0856,-0.016561749999999997,0.016561749999999997,,268.22801302931595,536456.026058632,163.14285714285714,163.14285714285714,326285.71428571426,0.0315,1.0,1.0,2.0,-342.4,4000.0,32.0,4474.0,133.0,126.0,3867.0,39.0,4000.0,0.0,0.0,0.0,7.0,7.0,307.0
frequency_agile,config_45:frequency_agile,3,random,Uniform random band selection,0.030397854269110416,0.010376134889753566,0.9379310344827586,0.034,-0.08646250000000001,-0.0189225,0.0189225,,184.49261992619927,368985.2398523985,345.42857142857144,345.42857142857144,690857.1428571428,0.034,1.0,1.0,2.0,-345.85,4000.0,32.0,4474.0,145.0,136.0,3855.0,40.0,4000.0,0.0,0.0,0.0,7.0,7.0,271.0
frequency_agile,config_45:frequency_agile,3,smart_heuristic,Smart Scan without the learned model (occupancy heuristic + Thompson),0.04447921323200715,0.010023740437879188,0.9521531100478469,0.04975,-0.0647875,-0.03493625,0.03493625,86.7,105.25,210500.0,126.28571428571429,126.28571428571429,252571.42857142858,0.04975,1.0,1.0,2.0,-259.15,4000.0,32.0,4474.0,209.0,199.0,3791.0,38.0,4000.0,0.0,2000.0,1734.0,7.0,7.0,442.0
frequency_agile,config_45:frequency_agile,3,smart_ml_only,Smart Scan with XGBoost but no online Thompson Sampling,0.050290567724631204,0.009564293304994687,0.9533898305084746,0.05625,-0.057975,-0.041712000000000006,0.041712000000000006,86.05000000000001,88.35102040816327,176702.04081632654,31.666666666666668,588.4285714285714,63333.333333333336,0.05625,1.0,0.8571428571428571,2.0,-231.9,4000.0,32.0,4474.0,236.0,225.0,3764.0,36.0,4000.0,0.0,2000.0,1721.0,7.0,6.0,490.0
frequency_agile,config_45:frequency_agile,3,smart,"Smart Scan as shipped: XGBoost, Thompson Sampling per config.yaml",0.050290567724631204,0.009564293304994687,0.9533898305084746,0.05625,-0.057975,-0.041712000000000006,0.041712000000000006,86.05000000000001,88.35102040816327,176702.04081632654,31.666666666666668,588.4285714285714,63333.333333333336,0.05625,1.0,0.8571428571428571,2.0,-231.9,4000.0,32.0,4474.0,236.0,225.0,3764.0,36.0,4000.0,0.0,2000.0,1721.0,7.0,6.0,490.0
frequency_agile,config_136:frequency_agile,4,sequential,Open-loop sequential sweep (baseline),0.029946629768729,0.010595542564852027,0.9558359621451105,0.09921414538310412,-0.008562540929927967,-0.08441355599214145,0.08441355599214145,,40.28235294117647,80564.70588235294,110.57142857142857,88.55555555555556,221142.85714285713,0.09921414538310412,1.0,0.7777777777777778,2.0,-26.150000000000013,3054.0,32.0,10118.0,317.0,303.0,2737.0,29.0,3054.0,0.0,0.0,0.0,9.0,7.0,170.0
frequency_agile,config_136:frequency_agile,4,random,Uniform random band selection,0.030045463530341966,0.009872029250457038,0.9529780564263323,0.09954158480681075,-0.012393582187295358,-0.08506123117223313,0.08506123117223313,,109.04802259887006,218096.04519774014,131.0,90.88888888888889,262000.0,0.09954158480681075,1.0,0.6666666666666666,2.0,-37.85000000000002,3054.0,32.0,10118.0,319.0,304.0,2735.0,27.0,3054.0,0.0,0.0,0.0,9.0,6.0,177.0
frequency_agile,config_136:frequency_agile,4,smart_heuristic,Smart Scan without the learned model (occupancy heuristic + Thompson),0.05653291164261712,0.01098901098901099,0.9581239530988275,0.18729535036018335,0.08999672560576294,-0.17279862475442043,0.17279862475442043,95.35036018336608,25.818181818181817,51636.36363636363,302.1666666666667,205.0,604333.3333333334,0.18729535036018335,1.0,0.6666666666666666,2.0,274.85,3054.0,32.0,10118.0,597.0,572.0,2457.0,27.0,3054.0,0.0,1527.0,1456.0,9.0,6.0,330.0
frequency_agile,config_136:frequency_agile,4,smart_ml_only,Smart Scan with XGBoost but no online Thompson Sampling,0.059992093299070966,0.0112079701120797,0.9410852713178295,0.19875573018991485,0.10299607072691551,-0.1843055009823183,0.1843055009823183,96.5946299934512,30.137931034482758,60275.862068965514,106.0,74.22222222222223,212000.0,0.19875573018991485,0.96875,0.6666666666666666,2.0,314.54999999999995,3054.0,32.0,10118.0,645.0,607.0,2409.0,27.0,3054.0,0.0,1527.0,1475.0,9.0,6.0,377.0
frequency_agile,config_136:frequency_agile,4,smart,"Smart Scan as shipped: XGBoost, Thompson Sampling per config.yaml",0.059992093299070966,0.0112079701120797,0.9410852713178295,0.19875573018991485,0.10299607072691551,-0.1843055009823183,0.1843055009823183,96.5946299934512,30.137931034482758,60275.862068965514,106.0,74.22222222222223,212000.0,0.19875573018991485,0.96875,0.6666666666666666,2.0,314.54999999999995,3054.0,32.0,10118.0,645.0,607.0,2409.0,27.0,3054.0,0.0,1527.0,1475.0,9.0,6.0,377.0
frequency_agile,config_5:frequency_agile,5,sequential,Open-loop sequential sweep (baseline),0.03001209555488358,0.010323660714285714,0.9543269230769231,0.09925,-0.008762500000000006,-0.08457075,0.08457075,,68.22303206997084,136446.06413994168,293.375,471.1111111111111,586750.0,0.09925,1.0,0.8888888888888888,2.0,-35.050000000000026,4000.0,32.0,13228.0,416.0,397.0,3584.0,37.0,4000.0,0.0,0.0,0.0,9.0,8.0,343.0
frequency_agile,config_5:frequency_agile,5,random,Uniform random band selection,0.02933172059268219,0.008344923504867872,0.9580246913580247,0.097,-0.014262500000000003,-0.0831655,0.0831655,,107.31651376146789,214633.02752293576,285.625,451.8888888888889,571250.0,0.097,1.0,0.8888888888888888,2.0,-57.05000000000001,4000.0,32.0,13228.0,405.0,388.0,3595.0,30.0,4000.0,0.0,0.0,0.0,9.0,8.0,327.0
frequency_agile,config_5:frequency_agile,5,smart_heuristic,Smart Scan without the learned model (occupancy heuristic + Thompson),0.05276685817961899,0.010407101316192225,0.9522510231923602,0.1745,0.07623749999999999,-0.16015825,0.16015825,91.4,56.228070175438596,112456.14035087719,334.0,494.8888888888889,668000.0,0.1745,1.0,0.8888888888888888,2.0,304.94999999999993,4000.0,32.0,13228.0,733.0,698.0,3267.0,34.0,4000.0,0.0,2000.0,1828.0,9.0,8.0,570.0
frequency_agile,config_5:frequency_agile,5,smart_ml_only,Smart Scan with XGBoost but no online Thompson Sampling,0.06267009374055035,0.009247448979591837,0.9594907407407407,0.20725,0.1131875,-0.19357350000000004,0.19357350000000004,94.19999999999999,62.21417682926829,124428.35365853658,368.5,525.5555555555555,737000.0,0.20725,1.0,0.8888888888888888,2.0,452.75,4000.0,32.0,13228.0,864.0,829.0,3136.0,29.0,4000.0,0.0,2000.0,1884.0,9.0,8.0,656.0
frequency_agile,config_5:frequency_agile,5,smart,"Smart Scan as shipped: XGBoost, Thompson Sampling per config.yaml",0.06267009374055035,0.009247448979591837,0.9594907407407407,0.20725,0.1131875,-0.19357350000000004,0.19357350000000004,94.19999999999999,62.21417682926829,124428.35365853658,368.5,525.5555555555555,737000.0,0.20725,1.0,0.8888888888888888,2.0,452.75,4000.0,32.0,13228.0,864.0,829.0,3136.0,29.0,4000.0,0.0,2000.0,1884.0,9.0,8.0,656.0
frequency_agile,config_31:frequency_agile,6,sequential,Open-loop sequential sweep (baseline),0.05583756345177665,0.008523439458510905,1.0,0.00275,-0.1198375,0.0115095,-0.0115095,,514.7258064516129,1029451.6129032258,513.5,513.5,1027000.0,0.00275,1.0,1.0,2.0,-479.35,4000.0,32.0,197.0,11.0,11.0,3989.0,34.0,4000.0,0.0,0.0,0.0,4.0,4.0,62.0
frequency_agile,config_31:frequency_agile,6,random,Uniform random band selection,0.03553299492385787,0.008514901076884547,1.0,0.00175,-0.12490000000000001,0.012519500000000003,-0.012519500000000003,,407.5,815000.0,570.0,903.25,1140000.0,0.00175,1.0,0.75,2.0,-499.6,4000.0,32.0,197.0,7.0,7.0,3993.0,34.0,4000.0,0.0,0.0,0.0,4.0,3.0,6.0
frequency_agile,config_31:frequency_agile,6,smart_heuristic,Smart Scan without the learned model (occupancy heuristic + Thompson),0.06598984771573604,0.008527715073990468,1.0,0.00325,-0.119275,0.011004250000000002,-0.011004250000000002,97.7,345.125,690250.0,148.0,148.0,296000.0,0.00325,1.0,1.0,2.0,-477.1,4000.0,32.0,197.0,13.0,13.0,3987.0,34.0,4000.0,0.0,2000.0,1954.0,4.0,4.0,36.0
frequency_agile,config_31:frequency_agile,6,smart_ml_only,Smart Scan with XGBoost but no online Thompson Sampling,0.050761421319796954,0.008521303258145364,1.0,0.0025,-0.120125,0.011760750000000002,-0.011760750000000002,99.05000000000001,660.7181818181818,1321436.3636363638,584.5,584.5,1169000.0,0.0025,1.0,1.0,2.0,-480.5,4000.0,32.0,197.0,10.0,10.0,3990.0,34.0,4000.0,0.0,2000.0,1981.0,4.0,4.0,55.0
frequency_agile,config_31:frequency_agile,6,smart,"Smart Scan as shipped: XGBoost, Thompson Sampling per config.yaml",0.050761421319796954,0.008521303258145364,1.0,0.0025,-0.120125,0.011760750000000002,-0.011760750000000002,99.05000000000001,660.7181818181818,1321436.3636363638,584.5,584.5,1169000.0,0.0025,1.0,1.0,2.0,-480.5,4000.0,32.0,197.0,10.0,10.0,3990.0,34.0,4000.0,0.0,2000.0,1981.0,4.0,4.0,55.0
frequency_agile,config_227:frequency_agile,8,sequential,Open-loop sequential sweep (baseline),0.03002811142346026,0.00865265760197775,0.9591836734693877,0.1261406333870102,0.022262479871175515,-0.11232179280730006,0.11232179280730006,,50.33112582781457,100662.25165562914,174.44444444444446,174.44444444444446,348888.88888888893,0.1261406333870102,1.0,1.0,2.0,82.94999999999997,3726.0,32.0,15652.0,490.0,470.0,3236.0,28.0,3726.0,0.0,0.0,0.0,9.0,9.0,302.0
frequency_agile,config_227:frequency_agile,8,random,Uniform random band selection,0.03200868898543317,0.00939261114589856,0.9417293233082706,0.13446054750402575,0.027992485238862046,-0.12035024154589374,0.12035024154589374,,91.3064024390244,182612.8048780488,111.25,391.44444444444446,222500.0,0.13446054750402575,1.0,0.8888888888888888,2.0,104.29999999999998,3726.0,32.0,15652.0,532.0,501.0,3194.0,30.0,3726.0,0.0,0.0,0.0,9.0,8.0,328.0
frequency_agile,config_227:frequency_agile,8,smart_heuristic,Smart Scan without the learned model (occupancy heuristic + Thompson),0.05392282136468183,0.008809020436927413,0.9504504504504504,0.22651637144390768,0.13557434245840042,-0.21311835748792277,0.21311835748792277,91.62640901771336,39.25451263537906,78509.02527075811,114.0,114.0,228000.0,0.22651637144390768,1.0,1.0,2.0,505.15,3726.0,32.0,15652.0,888.0,844.0,2838.0,25.0,3726.0,0.0,1863.0,1707.0,9.0,9.0,554.0
frequency_agile,config_227:frequency_agile,8,smart_ml_only,Smart Scan with XGBoost but no online Thompson Sampling,0.06018400204446716,0.008035062089116142,0.9534412955465587,0.2528180354267311,0.16521739130434787,-0.2398236714975846,0.2398236714975846,95.49114331723028,44.083333333333336,88166.66666666667,115.22222222222223,115.22222222222223,230444.44444444447,0.2528180354267311,1.0,1.0,2.0,615.6000000000001,3726.0,32.0,15652.0,988.0,942.0,2738.0,22.0,3726.0,0.0,1863.0,1779.0,9.0,9.0,654.0
frequency_agile,config_227:frequency_agile,8,smart,"Smart Scan as shipped: XGBoost, Thompson Sampling per config.yaml",0.06018400204446716,0.008035062089116142,0.9534412955465587,0.2528180354267311,0.16521739130434787,-0.2398236714975846,0.2398236714975846,95.49114331723028,44.083333333333336,88166.66666666667,115.22222222222223,115.22222222222223,230444.44444444447,0.2528180354267311,1.0,1.0,2.0,615.6000000000001,3726.0,32.0,15652.0,988.0,942.0,2738.0,22.0,3726.0,0.0,1863.0,1779.0,9.0,9.0,654.0
frequency_agile,config_168:frequency_agile,9,sequential,Open-loop sequential sweep (baseline),0.029818043250452512,0.00789975483519477,0.9513677811550152,0.07825,-0.0317875,-0.06454750000000001,0.06454750000000001,,158.50842696629215,317016.8539325843,90.66666666666667,549.1666666666666,181333.33333333334,0.07825,1.0,0.75,2.0,-127.15,4000.0,32.0,10497.0,329.0,313.0,3671.0,29.0,4000.0,0.0,0.0,0.0,12.0,9.0,356.0
frequency_agile,config_168:frequency_agile,9,random,Uniform random band selection,0.03286653329522721,0.0076859730990941535,0.9663865546218487,0.08625,-0.026250000000000002,-0.07265250000000001,0.07265250000000001,,123.01911764705882,246038.23529411765,103.22222222222223,693.8333333333334,206444.44444444447,0.08625,1.0,0.75,2.0,-105.00000000000001,4000.0,32.0,10497.0,357.0,345.0,3643.0,28.0,4000.0,0.0,0.0,0.0,12.0,9.0,340.0
frequency_agile,config_168:frequency_agile,9,smart_heuristic,Smart Scan without the learned model (occupancy heuristic + Thompson),0.04734686100790702,0.008628127696289905,0.9502868068833652,0.12425,0.021287499999999994,-0.11041250000000001,0.11041250000000001,86.5,64.06120331950207,128122.40663900414,460.90909090909093,636.0833333333334,921818.1818181819,0.12425,1.0,0.9166666666666666,2.0,85.14999999999998,4000.0,32.0,10497.0,523.0,497.0,3477.0,30.0,4000.0,0.0,2000.0,1730.0,12.0,11.0,482.0
frequency_agile,config_168:frequency_agile,9,smart_ml_only,Smart Scan with XGBoost but no online Thompson Sampling,0.05563494331713823,0.007962253022707167,0.9589490968801314,0.146,0.046487499999999994,-0.13257000000000002,0.13257000000000002,93.2,68.57370184254606,137147.4036850921,277.25,277.25,554500.0,0.146,1.0,1.0,2.0,185.95,4000.0,32.0,10497.0,609.0,584.0,3391.0,27.0,4000.0,0.0,2000.0,1864.0,12.0,12.0,597.0
frequency_agile,config_168:frequency_agile,9,smart,"Smart Scan as shipped: XGBoost, Thompson Sampling per config.yaml",0.05563494331713823,0.007962253022707167,0.9589490968801314,0.146,0.046487499999999994,-0.13257000000000002,0.13257000000000002,93.2,68.57370184254606,137147.4036850921,277.25,277.25,554500.0,0.146,1.0,1.0,2.0,185.95,4000.0,32.0,10497.0,609.0,584.0,3391.0,27.0,4000.0,0.0,2000.0,1864.0,12.0,12.0,597.0
frequency_agile,config_90:frequency_agile,10,sequential,Open-loop sequential sweep (baseline),0.03153153153153153,0.008342022940563087,0.9390243902439024,0.0385,-0.078375,-0.024471249999999996,0.024471249999999996,,126.0241935483871,252048.3870967742,324.3333333333333,324.3333333333333,648666.6666666666,0.0385,1.0,1.0,2.0,-313.5,4000.0,32.0,4884.0,164.0,154.0,3836.0,32.0,4000.0,0.0,0.0,0.0,6.0,6.0,186.0
frequency_agile,config_90:frequency_agile,10,random,Uniform random band selection,0.025798525798525797,0.008527131782945736,0.9692307692307692,0.0315,-0.089975,-0.01726525,0.01726525,,148.66969696969696,297339.3939393939,654.1666666666666,654.1666666666666,1308333.3333333333,0.0315,1.0,1.0,2.0,-359.9,4000.0,32.0,4884.0,130.0,126.0,3870.0,33.0,4000.0,0.0,0.0,0.0,6.0,6.0,165.0
frequency_agile,config_90:frequency_agile,10,smart_heuristic,Smart Scan without the learned model (occupancy heuristic + Thompson),0.048525798525798525,0.009582113388341761,0.9753086419753086,0.05925,-0.054875,-0.04468824999999999,0.04468824999999999,92.10000000000001,71.05982905982906,142119.65811965812,626.5,626.5,1253000.0,0.05925,1.0,1.0,2.0,-219.5,4000.0,32.0,4884.0,243.0,237.0,3757.0,36.0,4000.0,0.0,2000.0,1842.0,6.0,6.0,234.0
frequency_agile,config_90:frequency_agile,10,smart_ml_only,Smart Scan with XGBoost but no online Thompson Sampling,0.05221130221130221,0.009390931043734908,0.9340659340659341,0.06375,-0.0497,-0.0493515,0.0493515,95.6,126.76478873239436,253529.57746478872,175.83333333333334,175.83333333333334,351666.6666666667,0.06375,1.0,1.0,2.0,-198.8,4000.0,32.0,4884.0,273.0,255.0,3727.0,35.0,4000.0,0.0,2000.0,1912.0,6.0,6.0,355.0
frequency_agile,config_90:frequency_agile,10,smart,"Smart Scan as shipped: XGBoost, Thompson Sampling per config.yaml",0.05221130221130221,0.009390931043734908,0.9340659340659341,0.06375,-0.0497,-0.0493515,0.0493515,95.6,126.76478873239436,253529.57746478872,175.83333333333334,175.83333333333334,351666.6666666667,0.06375,1.0,1.0,2.0,-198.8,4000.0,32.0,4884.0,273.0,255.0,3727.0,35.0,4000.0,0.0,2000.0,1912.0,6.0,6.0,355.0
frequency_agile,config_132:frequency_agile,11,sequential,Open-loop sequential sweep (baseline),0.0297844687533846,0.00889727689404152,0.9450171821305842,0.06875,-0.043112500000000005,-0.054555,0.054555,,60.832669322709165,121665.33864541833,98.875,437.44444444444446,197750.0,0.06875,1.0,0.8888888888888888,2.0,-172.45000000000002,4000.0,32.0,9233.0,291.0,275.0,3709.0,33.0,4000.0,0.0,0.0,0.0,9.0,8.0,251.0
frequency_agile,config_132:frequency_agile,11,random,Uniform random band selection,0.02967616159428138,0.00889487870619946,0.9448275862068966,0.0685,-0.04635000000000001,-0.054285999999999994,0.054285999999999994,,111.67588932806323,223351.77865612647,182.11111111111111,182.11111111111111,364222.22222222225,0.0685,1.0,1.0,2.0,-185.40000000000003,4000.0,32.0,9233.0,290.0,274.0,3710.0,33.0,4000.0,0.0,0.0,0.0,9.0,9.0,253.0
frequency_agile,config_132:frequency_agile,11,smart_heuristic,Smart Scan without the learned model (occupancy heuristic + Thompson),0.053828658074298714,0.00863060989643268,0.9484732824427481,0.12425,0.020212499999999994,-0.1104545,0.1104545,90.3,56.58387096774194,113167.74193548388,156.33333333333334,156.33333333333334,312666.6666666667,0.12425,1.0,1.0,2.0,80.84999999999998,4000.0,32.0,9233.0,524.0,497.0,3476.0,30.0,4000.0,0.0,2000.0,1806.0,9.0,9.0,465.0
frequency_agile,config_132:frequency_agile,11,smart_ml_only,Smart Scan with XGBoost but no online Thompson Sampling,0.05978555182497563,0.009364940005853088,0.9468267581475128,0.138,0.035949999999999996,-0.12395950000000001,0.12395950000000001,92.80000000000001,43.428301886792454,86856.60377358491,139.77777777777777,139.77777777777777,279555.55555555556,0.138,1.0,1.0,2.0,143.79999999999998,4000.0,32.0,9233.0,583.0,552.0,3417.0,32.0,4000.0,0.0,2000.0,1856.0,9.0,9.0,530.0
frequency_agile,config_132:frequency_agile,11,smart,"Smart Scan as shipped: XGBoost, Thompson Sampling per config.yaml",0.05978555182497563,0.009364940005853088,0.9468267581475128,0.138,0.035949999999999996,-0.12395950000000001,0.12395950000000001,92.80000000000001,43.428301886792454,86856.60377358491,139.77777777777777,139.77777777777777,279555.55555555556,0.138,1.0,1.0,2.0,143.79999999999998,4000.0,32.0,9233.0,583.0,552.0,3417.0,32.0,4000.0,0.0,2000.0,1856.0,9.0,9.0,530.0
frequency_agile,config_115:frequency_agile,12,sequential,Open-loop sequential sweep (baseline),0.029155245452280088,0.010830324909747292,0.9590163934426229,0.02925,-0.0895,-0.013947999999999999,0.013947999999999999,,218.7887323943662,437577.4647887324,336.6,1074.4285714285713,673200.0,0.02925,1.0,0.7142857142857143,2.0,-358.0,4000.0,32.0,4013.0,122.0,117.0,3878.0,42.0,4000.0,0.0,0.0,0.0,7.0,5.0,142.0
frequency_agile,config_115:frequency_agile,12,random,Uniform random band selection,0.03040119611263394,0.010852713178294573,0.9384615384615385,0.0305,-0.09155,-0.015202499999999996,0.015202499999999996,,131.09016393442624,262180.3278688525,449.2,1154.857142857143,898400.0,0.0305,1.0,0.7142857142857143,2.0,-366.20000000000005,4000.0,32.0,4013.0,130.0,122.0,3870.0,42.0,4000.0,0.0,0.0,0.0,7.0,5.0,122.0
frequency_agile,config_115:frequency_agile,12,smart_heuristic,Smart Scan without the learned model (occupancy heuristic + Thompson),0.04909045601794169,0.01080653663679494,0.9563106796116505,0.04925,-0.0673875,-0.03405975,0.03405975,94.95,102.09158415841584,204183.1683168317,290.0,1571.142857142857,580000.0,0.04925,1.0,0.5714285714285714,2.0,-269.55,4000.0,32.0,4013.0,206.0,197.0,3794.0,41.0,4000.0,0.0,2000.0,1899.0,7.0,4.0,202.0
frequency_agile,config_115:frequency_agile,12,smart_ml_only,Smart Scan with XGBoost but no online Thompson Sampling,0.05357587839521555,0.011128775834658187,0.9513274336283186,0.05375,-0.061775000000000004,-0.038460999999999995,0.038460999999999995,95.39999999999999,66.54888888888888,133097.77777777775,251.2,1013.4285714285714,502400.0,0.05375,1.0,0.7142857142857143,2.0,-247.10000000000002,4000.0,32.0,4013.0,226.0,215.0,3774.0,42.0,4000.0,0.0,2000.0,1908.0,7.0,5.0,225.0
frequency_agile,config_115:frequency_agile,12,smart,"Smart Scan as shipped: XGBoost, Thompson Sampling per config.yaml",0.05357587839521555,0.011128775834658187,0.9513274336283186,0.05375,-0.061775000000000004,-0.038460999999999995,0.038460999999999995,95.39999999999999,66.54888888888888,133097.77777777775,251.2,1013.4285714285714,502400.0,0.05375,1.0,0.7142857142857143,2.0,-247.10000000000002,4000.0,32.0,4013.0,226.0,215.0,3774.0,42.0,4000.0,0.0,2000.0,1908.0,7.0,5.0,225.0
frequency_agile,config_149:frequency_agile,13,sequential,Open-loop sequential sweep (baseline),0.030290102389078498,0.009259259259259259,0.9681818181818181,0.05325,-0.06,-0.03885025,0.03885025,,231.79142857142858,463582.85714285716,88.44444444444444,88.44444444444444,176888.88888888888,0.05325,1.0,1.0,2.0,-240.0,4000.0,32.0,7032.0,220.0,213.0,3780.0,35.0,4000.0,0.0,0.0,0.0,9.0,9.0,350.0
frequency_agile,config_149:frequency_agile,13,random,Uniform random band selection,0.030147895335608646,0.009273979862215157,0.9380530973451328,0.053,-0.0636,-0.03857725,0.03857725,,148.721875,297443.75,119.33333333333333,119.33333333333333,238666.66666666666,0.053,1.0,1.0,2.0,-254.4,4000.0,32.0,7032.0,226.0,212.0,3774.0,35.0,4000.0,0.0,0.0,0.0,9.0,9.0,320.0
frequency_agile,config_149:frequency_agile,13,smart_heuristic,Smart Scan without the learned model (occupancy heuristic + Thompson),0.04863481228668942,0.009615384615384616,0.95,0.0855,-0.023387500000000002,-0.071079,0.071079,86.4,132.7064128256513,265412.82565130264,261.8888888888889,261.8888888888889,523777.7777777778,0.0855,1.0,1.0,2.0,-93.55000000000001,4000.0,32.0,7032.0,360.0,342.0,3640.0,35.0,4000.0,0.0,2000.0,1728.0,9.0,9.0,499.0
frequency_agile,config_149:frequency_agile,13,smart_ml_only,Smart Scan with XGBoost but no online Thompson Sampling,0.05688282138794084,0.009207589285714286,0.9615384615384616,0.1,-0.006899999999999998,-0.08580400000000002,0.08580400000000002,92.15,111.40119250425894,222802.3850085179,299.3333333333333,299.3333333333333,598666.6666666666,0.1,1.0,1.0,2.0,-27.599999999999994,4000.0,32.0,7032.0,416.0,400.0,3584.0,33.0,4000.0,0.0,2000.0,1843.0,9.0,9.0,587.0
frequency_agile,config_149:frequency_agile,13,smart,"Smart Scan as shipped: XGBoost, Thompson Sampling per config.yaml",0.05688282138794084,0.009207589285714286,0.9615384615384616,0.1,-0.006899999999999998,-0.08580400000000002,0.08580400000000002,92.15,111.40119250425894,222802.3850085179,299.3333333333333,299.3333333333333,598666.6666666666,0.1,1.0,1.0,2.0,-27.599999999999994,4000.0,32.0,7032.0,416.0,400.0,3584.0,33.0,4000.0,0.0,2000.0,1843.0,9.0,9.0,587.0
frequency_agile,config_119:frequency_agile,14,sequential,Open-loop sequential sweep (baseline),0.03123287671232877,0.012152308938698352,0.9595959595959596,0.07125,-0.03855,-0.055531750000000005,0.055531750000000005,,387.5558375634518,775111.6751269036,246.66666666666666,246.66666666666666,493333.3333333333,0.07125,1.0,1.0,2.0,-154.20000000000002,4000.0,32.0,9125.0,297.0,285.0,3703.0,45.0,4000.0,0.0,0.0,0.0,12.0,12.0,394.0
frequency_agile,config_119:frequency_agile,14,random,Uniform random band selection,0.026410958904109588,0.01200320085356095,0.9601593625498008,0.06025,-0.05506250000000001,-0.044435249999999996,0.044435249999999996,,339.8185840707965,679637.168141593,487.45454545454544,780.0833333333334,974909.0909090908,0.06025,1.0,0.9166666666666666,2.0,-220.25000000000003,4000.0,32.0,9125.0,251.0,241.0,3749.0,45.0,4000.0,0.0,0.0,0.0,12.0,11.0,339.0
frequency_agile,config_119:frequency_agile,14,smart_heuristic,Smart Scan without the learned model (occupancy heuristic + Thompson),0.0513972602739726,0.011684240524365916,0.955193482688391,0.11725,0.012774999999999998,-0.10200350000000001,0.10200350000000001,93.75,274.5326633165829,549065.3266331658,508.0,798.9166666666666,1016000.0,0.11725,1.0,0.9166666666666666,2.0,51.099999999999994,4000.0,32.0,9125.0,491.0,469.0,3509.0,41.0,4000.0,0.0,2000.0,1875.0,12.0,11.0,597.0
frequency_agile,config_119:frequency_agile,14,smart_ml_only,Smart Scan with XGBoost but no online Thompson Sampling,0.054356164383561646,0.012335054503729202,0.9649805447470817,0.124,0.020425,-0.10854975000000001,0.10854975000000001,88.5,314.0449804432855,628089.960886571,176.54545454545453,495.0833333333333,353090.90909090906,0.124,1.0,0.9166666666666666,2.0,81.69999999999999,4000.0,32.0,9125.0,514.0,496.0,3486.0,43.0,4000.0,0.0,2000.0,1770.0,12.0,11.0,767.0
frequency_agile,config_119:frequency_agile,14,smart,"Smart Scan as shipped: XGBoost, Thompson Sampling per config.yaml",0.054356164383561646,0.012335054503729202,0.9649805447470817,0.124,0.020425,-0.10854975000000001,0.10854975000000001,88.5,314.0449804432855,628089.960886571,176.54545454545453,495.0833333333333,353090.90909090906,0.124,1.0,0.9166666666666666,2.0,81.69999999999999,4000.0,32.0,9125.0,514.0,496.0,3486.0,43.0,4000.0,0.0,2000.0,1770.0,12.0,11.0,767.0
frequency_agile,config_186:frequency_agile,15,sequential,Open-loop sequential sweep (baseline),0.029375994012536252,0.009872029250457038,0.9486404833836858,0.10241356816699282,-0.001956947162426619,-0.08787345075016309,0.08787345075016309,,78.05744680851063,156114.89361702127,301.3636363636364,270.2307692307692,602727.2727272727,0.10241356816699282,1.0,0.8461538461538461,2.0,-6.000000000000014,3066.0,32.0,10689.0,331.0,314.0,2735.0,27.0,3066.0,0.0,0.0,0.0,13.0,11.0,235.0
frequency_agile,config_186:frequency_agile,15,random,Uniform random band selection,0.028721115165123025,0.009475218658892129,0.953416149068323,0.10013046314416177,-0.007860404435746903,-0.08571069797782126,0.08571069797782126,,111.72850678733032,223457.01357466064,184.72727272727272,398.38461538461536,369454.5454545454,0.10013046314416177,1.0,0.8461538461538461,2.0,-24.10000000000001,3066.0,32.0,10689.0,322.0,307.0,2744.0,26.0,3066.0,0.0,0.0,0.0,13.0,11.0,221.0
frequency_agile,config_186:frequency_agile,15,smart_heuristic,Smart Scan without the learned model (occupancy heuristic + Thompson),0.054167836093179905,0.009323064450749898,0.9666110183639399,0.1888454011741683,0.09628180039138944,-0.1749634703196347,0.1749634703196347,88.12785388127854,74.24358974358974,148487.17948717947,235.5,224.30769230769232,471000.0,0.1888454011741683,1.0,0.9230769230769231,2.0,295.2,3066.0,32.0,10689.0,599.0,579.0,2467.0,23.0,3066.0,0.0,1533.0,1351.0,13.0,12.0,429.0
frequency_agile,config_186:frequency_agile,15,smart_ml_only,Smart Scan with XGBoost but no online Thompson Sampling,0.06024885396201703,0.010869565217391304,0.9554896142433235,0.2100456621004566,0.11978147423352903,-0.1957175472928898,0.1957175472928898,92.95499021526419,69.86862003780719,139737.2400756144,342.0,304.61538461538464,684000.0,0.2100456621004566,1.0,0.8461538461538461,2.0,367.25,3066.0,32.0,10689.0,674.0,644.0,2392.0,26.0,3066.0,0.0,1533.0,1425.0,13.0,11.0,529.0
frequency_agile,config_186:frequency_agile,15,smart,"Smart Scan as shipped: XGBoost, Thompson Sampling per config.yaml",0.06024885396201703,0.010869565217391304,0.9554896142433235,0.2100456621004566,0.11978147423352903,-0.1957175472928898,0.1957175472928898,92.95499021526419,69.86862003780719,139737.2400756144,342.0,304.61538461538464,684000.0,0.2100456621004566,1.0,0.8461538461538461,2.0,367.25,3066.0,32.0,10689.0,674.0,644.0,2392.0,26.0,3066.0,0.0,1533.0,1425.0,13.0,11.0,529.0
frequency_agile,config_220:frequency_agile,16,sequential,Open-loop sequential sweep (baseline),0.028580708022085094,0.009927797833935019,0.9401709401709402,0.1160337552742616,0.011260548523206747,-0.1016334388185654,0.1016334388185654,,142.52064220183487,285041.28440366976,55.77777777777778,55.77777777777778,111555.55555555556,0.1160337552742616,1.0,1.0,2.0,42.69999999999999,3792.0,32.0,15395.0,468.0,440.0,3324.0,33.0,3792.0,0.0,0.0,0.0,9.0,9.0,436.0
frequency_agile,config_220:frequency_agile,16,random,Uniform random band selection,0.027931146476128613,0.01078167115902965,0.9492273730684326,0.11339662447257384,0.004680907172995777,-0.09853006329113925,0.09853006329113925,,104.44092219020173,208881.84438040346,341.0,341.0,682000.0,0.11339662447257384,1.0,1.0,2.0,17.749999999999986,3792.0,32.0,15395.0,453.0,430.0,3339.0,36.0,3792.0,0.0,0.0,0.0,9.0,9.0,347.0
frequency_agile,config_220:frequency_agile,16,smart_heuristic,Smart Scan without the learned model (occupancy heuristic + Thompson),0.05326404676843131,0.010951403148528405,0.9425287356321839,0.21624472573839662,0.12438027426160339,-0.20194857594936713,0.20194857594936713,86.70886075949366,88.4254215304799,176850.8430609598,100.33333333333333,100.33333333333333,200666.66666666666,0.21624472573839662,1.0,1.0,2.0,471.65000000000003,3792.0,32.0,15395.0,870.0,820.0,2922.0,32.0,3792.0,0.0,1896.0,1644.0,9.0,9.0,771.0
frequency_agile,config_220:frequency_agile,16,smart_ml_only,Smart Scan with XGBoost but no online Thompson Sampling,0.05729132835336148,0.010463899546564353,0.9535135135135135,0.23259493670886075,0.1429324894514768,-0.2185907172995781,0.2185907172995781,91.61392405063292,41.763852242744065,83527.70448548812,165.77777777777777,165.77777777777777,331555.55555555556,0.23259493670886075,1.0,1.0,2.0,542.0,3792.0,32.0,15395.0,925.0,882.0,2867.0,30.0,3792.0,0.0,1896.0,1737.0,9.0,9.0,758.0
frequency_agile,config_220:frequency_agile,16,smart,"Smart Scan as shipped: XGBoost, Thompson Sampling per config.yaml",0.05729132835336148,0.010463899546564353,0.9535135135135135,0.23259493670886075,0.1429324894514768,-0.2185907172995781,0.2185907172995781,91.61392405063292,41.763852242744065,83527.70448548812,165.77777777777777,165.77777777777777,331555.55555555556,0.23259493670886075,1.0,1.0,2.0,542.0,3792.0,32.0,15395.0,925.0,882.0,2867.0,30.0,3792.0,0.0,1896.0,1737.0,9.0,9.0,758.0
frequency_agile,config_170:frequency_agile,17,sequential,Open-loop sequential sweep (baseline),0.029626108998732574,0.01157590107866351,0.9396984924623115,0.04675,-0.06675,-0.031192499999999998,0.031192499999999998,,206.60262008733625,413205.2401746725,143.0,143.0,286000.0,0.04675,1.0,1.0,2.0,-267.0,4000.0,32.0,6312.0,199.0,187.0,3801.0,44.0,4000.0,0.0,0.0,0.0,10.0,10.0,458.0
frequency_agile,config_170:frequency_agile,17,random,Uniform random band selection,0.03580481622306717,0.011705240755520084,0.9377593360995851,0.0565,-0.05897500000000001,-0.04093175,0.04093175,,241.24701195219123,482494.0239043825,267.6,267.6,535200.0,0.0565,1.0,1.0,2.0,-235.90000000000003,4000.0,32.0,6312.0,241.0,226.0,3759.0,44.0,4000.0,0.0,0.0,0.0,10.0,10.0,502.0
frequency_agile,config_170:frequency_agile,17,smart_heuristic,Smart Scan without the learned model (occupancy heuristic + Thompson),0.048162230671736375,0.01141304347826087,0.95,0.076,-0.0336875,-0.06070125,0.06070125,86.35000000000001,233.98335745296671,467966.7149059334,74.1,74.1,148200.0,0.076,1.0,1.0,2.0,-134.75,4000.0,32.0,6312.0,320.0,304.0,3680.0,42.0,4000.0,0.0,2000.0,1727.0,10.0,10.0,691.0
frequency_agile,config_170:frequency_agile,17,smart_ml_only,Smart Scan with XGBoost but no online Thompson Sampling,0.05228136882129278,0.012335526315789474,0.9375,0.0825,-0.026150000000000007,-0.06682424999999999,0.06682424999999999,87.45,174.11170928667565,348223.4185733513,148.1,148.1,296200.0,0.0825,1.0,1.0,2.0,-104.60000000000002,4000.0,32.0,6312.0,352.0,330.0,3648.0,45.0,4000.0,0.0,2000.0,1749.0,10.0,10.0,743.0
frequency_agile,config_170:frequency_agile,17,smart,"Smart Scan as shipped: XGBoost, Thompson Sampling per config.yaml",0.05228136882129278,0.012335526315789474,0.9375,0.0825,-0.026150000000000007,-0.06682424999999999,0.06682424999999999,87.45,174.11170928667565,348223.4185733513,148.1,148.1,296200.0,0.0825,1.0,1.0,2.0,-104.60000000000002,4000.0,32.0,6312.0,352.0,330.0,3648.0,45.0,4000.0,0.0,2000.0,1749.0,10.0,10.0,743.0
frequency_agile,config_217:frequency_agile,18,sequential,Open-loop sequential sweep (baseline),0.030000643790639284,0.010256410256410256,0.9510204081632653,0.1165,0.010687499999999999,-0.10196100000000001,0.10196100000000001,,61.013550135501355,122027.10027100271,90.25,90.25,180500.0,0.1165,1.0,1.0,2.0,42.74999999999999,4000.0,32.0,15533.0,490.0,466.0,3510.0,36.0,4000.0,0.0,0.0,0.0,8.0,8.0,369.0
frequency_agile,config_217:frequency_agile,18,random,Uniform random band selection,0.03231829009206206,0.010944700460829493,0.9507575757575758,0.1255,0.017349999999999997,-0.11069925000000001,0.11069925000000001,,93.69922879177378,187398.45758354754,148.375,148.375,296750.0,0.1255,1.0,1.0,2.0,69.39999999999999,4000.0,32.0,15533.0,528.0,502.0,3472.0,38.0,4000.0,0.0,0.0,0.0,8.0,8.0,389.0
frequency_agile,config_217:frequency_agile,18,smart_heuristic,Smart Scan without the learned model (occupancy heuristic + Thompson),0.0527908324212966,0.011142948105698823,0.9545983701979045,0.205,0.11059999999999999,-0.19058650000000005,0.19058650000000005,87.64999999999999,45.724474474474476,91448.94894894895,63.0,63.0,126000.0,0.205,1.0,1.0,2.0,442.4,4000.0,32.0,15533.0,859.0,820.0,3141.0,35.0,4000.0,0.0,2000.0,1753.0,8.0,8.0,666.0
frequency_agile,config_217:frequency_agile,18,smart_ml_only,Smart Scan with XGBoost but no online Thompson Sampling,0.05864932723878195,0.01054713249835201,0.943064182194617,0.22775,0.136325,-0.21371250000000003,0.21371250000000003,92.5,52.48133333333333,104962.66666666666,81.75,81.75,163500.0,0.22775,1.0,1.0,2.0,545.3,4000.0,32.0,15533.0,966.0,911.0,3034.0,32.0,4000.0,0.0,2000.0,1850.0,8.0,8.0,750.0
frequency_agile,config_217:frequency_agile,18,smart,"Smart Scan as shipped: XGBoost, Thompson Sampling per config.yaml",0.05864932723878195,0.01054713249835201,0.943064182194617,0.22775,0.136325,-0.21371250000000003,0.21371250000000003,92.5,52.48133333333333,104962.66666666666,81.75,81.75,163500.0,0.22775,1.0,1.0,2.0,545.3,4000.0,32.0,15533.0,966.0,911.0,3034.0,32.0,4000.0,0.0,2000.0,1850.0,8.0,8.0,750.0
frequency_agile,config_141:frequency_agile,19,sequential,Open-loop sequential sweep (baseline),0.030211480362537766,0.007240547063555913,0.959409594095941,0.065,-0.046337500000000004,-0.05157575,0.05157575,,165.26825396825396,330536.50793650793,166.2,444.0833333333333,332400.0,0.065,1.0,0.8333333333333334,2.0,-185.35000000000002,4000.0,32.0,8606.0,271.0,260.0,3729.0,27.0,4000.0,0.0,0.0,0.0,12.0,10.0,315.0
frequency_agile,config_141:frequency_agile,19,random,Uniform random band selection,0.030095282361143387,0.00697612020391736,0.9487179487179487,0.06475,-0.0493375,-0.051347000000000004,0.051347000000000004,,162.66732283464566,325334.6456692913,603.8181818181819,627.5,1207636.3636363638,0.06475,1.0,0.9166666666666666,2.0,-197.35,4000.0,32.0,8606.0,273.0,259.0,3727.0,26.0,4000.0,0.0,0.0,0.0,12.0,11.0,254.0
frequency_agile,config_141:frequency_agile,19,smart_heuristic,Smart Scan without the learned model (occupancy heuristic + Thompson),0.04647920055775041,0.006993006993006993,0.9411764705882353,0.1,-0.0063250000000000025,-0.08678475000000002,0.08678475000000002,87.85,129.92126789366054,259842.53578732107,322.27272727272725,369.4166666666667,644545.4545454545,0.1,1.0,0.9166666666666666,2.0,-25.30000000000001,4000.0,32.0,8606.0,425.0,400.0,3575.0,25.0,4000.0,0.0,2000.0,1757.0,12.0,11.0,489.0
frequency_agile,config_141:frequency_agile,19,smart_ml_only,Smart Scan with XGBoost but no online Thompson Sampling,0.05728561468742738,0.008039046798736722,0.9535783365570599,0.12325,0.019449999999999988,-0.10966550000000001,0.10966550000000001,93.7,96.77117117117118,193542.34234234234,353.9,600.5,707800.0,0.12325,1.0,0.8333333333333334,2.0,77.79999999999995,4000.0,32.0,8606.0,517.0,493.0,3483.0,28.0,4000.0,0.0,2000.0,1874.0,12.0,10.0,555.0
frequency_agile,config_141:frequency_agile,19,smart,"Smart Scan as shipped: XGBoost, Thompson Sampling per config.yaml",0.05728561468742738,0.008039046798736722,0.9535783365570599,0.12325,0.019449999999999988,-0.10966550000000001,0.10966550000000001,93.7,96.77117117117118,193542.34234234234,353.9,600.5,707800.0,0.12325,1.0,0.8333333333333334,2.0,77.79999999999995,4000.0,32.0,8606.0,517.0,493.0,3483.0,28.0,4000.0,0.0,2000.0,1874.0,12.0,10.0,555.0
